birth_date,emp_no,first_name,gender,hire_date,languages,last_name,salary
1953-09-02T00:00:00Z,10001,Georgi,M,1986-06-26T00:00:00Z,2,Facello,57305
1964-06-02T00:00:00Z,10002,Bezalel,F,1985-11-21T00:00:00Z,5,Simmel,56371
1959-12-03T00:00:00Z,10003,Parto,M,1986-08-28T00:00:00Z,4,Bamford,61805
1954-05-01T00:00:00Z,10004,Chirstian,M,1986-12-01T00:00:00Z,5,Koblick,36174
1955-01-21T00:00:00Z,10005,Kyoichi,M,1989-09-12T00:00:00Z,1,Maliniak,63528
1953-04-20T00:00:00Z,10006,Anneke,F,1989-06-02T00:00:00Z,3,Preusig,60335
1957-05-23T00:00:00Z,10007,Tzvetan,F,1989-02-10T00:00:00Z,4,Zielinski,74572
1958-02-19T00:00:00Z,10008,Saniya,M,1994-09-15T00:00:00Z,2,Kalloufi,43906
1952-04-19T00:00:00Z,10009,Sumant,F,1985-02-18T00:00:00Z,1,Peac,66174
1963-06-01T00:00:00Z,10010,Duangkaew,,1989-08-24T00:00:00Z,4,Piveteau,45797
1953-11-07T00:00:00Z,10011,Mary,,1990-01-22T00:00:00Z,5,Sluis,31120
1960-10-04T00:00:00Z,10012,Patricio,,1992-12-18T00:00:00Z,5,Bridgland,48942
1963-06-07T00:00:00Z,10013,Eberhardt,,1985-10-20T00:00:00Z,1,Terkki,48735
1956-02-12T00:00:00Z,10014,Berni,,1987-03-11T00:00:00Z,5,Genin,37137
1959-08-19T00:00:00Z,10015,Guoxiang,,1987-07-02T00:00:00Z,5,Nooteboom,25324
1961-05-02T00:00:00Z,10016,Kazuhito,,1995-01-27T00:00:00Z,2,Cappelletti,61358
1958-07-06T00:00:00Z,10017,Cristinel,,1993-08-03T00:00:00Z,2,Bouloucos,58715
1954-06-19T00:00:00Z,10018,Kazuhide,,1987-04-03T00:00:00Z,2,Peha,56760
1953-01-23T00:00:00Z,10019,Lillian,,1999-04-30T00:00:00Z,1,Haddadi,73717
1952-12-24T00:00:00Z,10020,Mayuko,M,1991-01-26T00:00:00Z,,Warwick,40031
1960-02-20T00:00:00Z,10021,Ramzi,M,1988-02-10T00:00:00Z,,Erde,60408
1952-07-08T00:00:00Z,10022,Shahaf,M,1995-08-22T00:00:00Z,,Famili,48233
1953-09-29T00:00:00Z,10023,Bojan,F,1989-12-17T00:00:00Z,,Montemayor,47896
1958-09-05T00:00:00Z,10024,Suzette,F,1997-05-19T00:00:00Z,,Pettey,64675
1958-10-31T00:00:00Z,10025,Prasadram,M,1987-08-17T00:00:00Z,,Heyers,47411
1953-04-03T00:00:00Z,10026,Yongqiao,M,1995-03-20T00:00:00Z,,Berztiss,28336
1962-07-10T00:00:00Z,10027,Divier,F,1989-07-07T00:00:00Z,,Reistad,73851
1963-11-26T00:00:00Z,10028,Domenick,M,1991-10-22T00:00:00Z,,Tempesti,39356
1956-12-13T00:00:00Z,10029,Otmar,M,1985-11-20T00:00:00Z,,Herbst,74999
1958-07-14T00:00:00Z,10030,,M,1994-02-17T00:00:00Z,3,Demeyer,67492
1959-01-27T00:00:00Z,10031,,M,1991-09-01T00:00:00Z,4,Joslin,37716
1960-08-09T00:00:00Z,10032,,F,1990-06-20T00:00:00Z,3,Reistad,62233
1956-11-14T00:00:00Z,10033,,M,1987-03-18T00:00:00Z,1,Merlo,70011
1962-12-29T00:00:00Z,10034,,M,1988-09-21T00:00:00Z,1,Swan,39878
1953-02-08T00:00:00Z,10035,,M,1988-09-05T00:00:00Z,5,Chappelet,25945
1959-08-10T00:00:00Z,10036,,M,1992-01-03T00:00:00Z,4,Portugali,60781
1963-07-22T00:00:00Z,10037,,M,1990-12-05T00:00:00Z,2,Makrucki,37691
1960-07-20T00:00:00Z,10038,,M,1989-09-20T00:00:00Z,4,Lortz,35222
1959-10-01T00:00:00Z,10039,,M,1988-01-19T00:00:00Z,2,Brender,36051
,10040,Weiyi,F,1993-02-14T00:00:00Z,4,Meriste,37112
,10041,Uri,F,1989-11-12T00:00:00Z,1,Lenart,56415
,10042,Magy,F,1993-03-21T00:00:00Z,3,Stamatiou,30404
,10043,Yishay,M,1990-10-20T00:00:00Z,1,Tzvieli,34341
,10044,Mingsen,F,1994-05-21T00:00:00Z,1,Casley,39728
,10045,Moss,M,1989-09-02T00:00:00Z,3,Shanbhogue,74970
,10046,Lucien,M,1992-06-20T00:00:00Z,4,Rosenbaum,50064
,10047,Zvonko,M,1989-03-31T00:00:00Z,4,Nyanchama,42716
,10048,Florian,M,1985-02-24T00:00:00Z,3,Syrotiuk,26436
,10049,Basil,F,1992-05-04T00:00:00Z,5,Tramer,37853
1958-05-21T00:00:00Z,10050,Yinghua,M,1990-12-25T00:00:00Z,2,Dredge,43026
1953-07-28T00:00:00Z,10051,Hidefumi,M,1992-10-15T00:00:00Z,3,Caine,58121
1961-02-26T00:00:00Z,10052,Heping,M,1988-05-21T00:00:00Z,1,Nitsch,55360
1954-09-13T00:00:00Z,10053,Sanjiv,F,1986-02-04T00:00:00Z,3,Zschoche,54462
1957-04-04T00:00:00Z,10054,Mayumi,M,1995-03-13T00:00:00Z,4,Schueller,65367
1956-06-06T00:00:00Z,10055,Georgy,M,1992-04-27T00:00:00Z,5,Dredge,49281
1961-09-01T00:00:00Z,10056,Brendon,F,1990-02-01T00:00:00Z,2,Bernini,33370
1954-05-30T00:00:00Z,10057,Ebbe,F,1992-01-15T00:00:00Z,4,Callaway,27215
1954-10-01T00:00:00Z,10058,Berhard,M,1987-04-13T00:00:00Z,3,McFarlin,38376
1953-09-19T00:00:00Z,10059,Alejandro,F,1991-06-26T00:00:00Z,2,McAlpine,44307
1961-10-15T00:00:00Z,10060,Breannda,M,1987-11-02T00:00:00Z,2,Billingsley,29175
1962-10-19T00:00:00Z,10061,Tse,M,1985-09-17T00:00:00Z,1,Herber,49095
1961-11-02T00:00:00Z,10062,Anoosh,M,1991-08-30T00:00:00Z,3,Peyn,65030
1952-08-06T00:00:00Z,10063,Gino,F,1989-04-08T00:00:00Z,3,Leonhardt,52121
1959-04-07T00:00:00Z,10064,Udi,M,1985-11-20T00:00:00Z,5,Jansch,33956
1963-04-14T00:00:00Z,10065,Satosi,M,1988-05-18T00:00:00Z,2,Awdeh,50249
1952-11-13T00:00:00Z,10066,Kwee,M,1986-02-26T00:00:00Z,5,Schusler,31897
1953-01-07T00:00:00Z,10067,Claudi,M,1987-03-04T00:00:00Z,2,Stavenow,52044
1962-11-26T00:00:00Z,10068,Charlene,M,1987-08-07T00:00:00Z,3,Brattka,28941
1960-09-06T00:00:00Z,10069,Margareta,F,1989-11-05T00:00:00Z,5,Bierman,41933
1955-08-20T00:00:00Z,10070,Reuven,M,1985-10-14T00:00:00Z,3,Garigliano,54329
1958-01-21T00:00:00Z,10071,Hisao,M,1987-10-01T00:00:00Z,2,Lipner,40612
1952-05-15T00:00:00Z,10072,Hironoby,F,1988-07-21T00:00:00Z,5,Sidou,54518
1954-02-23T00:00:00Z,10073,Shir,M,1991-12-01T00:00:00Z,4,McClurg,32568
1955-08-28T00:00:00Z,10074,Mokhtar,F,1990-08-13T00:00:00Z,5,Bernatsky,38992
1960-03-09T00:00:00Z,10075,Gao,F,1987-03-19T00:00:00Z,5,Dolinsky,51956
1952-06-13T00:00:00Z,10076,Erez,F,1985-07-09T00:00:00Z,3,Ritzmann,62405
1964-04-18T00:00:00Z,10077,Mona,M,1990-03-02T00:00:00Z,5,Azuma,46595
1959-12-25T00:00:00Z,10078,Danel,F,1987-05-26T00:00:00Z,2,Mondadori,69904
1961-10-05T00:00:00Z,10079,Kshitij,F,1986-03-27T00:00:00Z,2,Gils,32263
1957-12-03T00:00:00Z,10080,Premal,M,1985-11-19T00:00:00Z,5,Baek,52833
1960-12-17T00:00:00Z,10081,Zhongwei,M,1986-10-30T00:00:00Z,2,Rosen,50128
1963-09-09T00:00:00Z,10082,Parviz,M,1990-01-03T00:00:00Z,4,Lortz,49818
1959-07-23T00:00:00Z,10083,Vishv,M,1987-03-31T00:00:00Z,1,Zockler,39110
1960-05-25T00:00:00Z,10084,Tuval,M,1995-12-15T00:00:00Z,1,Kalloufi,28035
1962-11-07T00:00:00Z,10085,Kenroku,M,1994-04-09T00:00:00Z,5,Malabarba,35742
1962-11-19T00:00:00Z,10086,Somnath,M,1990-02-16T00:00:00Z,1,Foote,68547
1959-07-23T00:00:00Z,10087,Xinglin,F,1986-09-08T00:00:00Z,5,Eugenio,32272
1954-02-25T00:00:00Z,10088,Jungsoon,F,1988-09-02T00:00:00Z,5,Syrzycki,39638
1963-03-21T00:00:00Z,10089,Sudharsan,F,1986-08-12T00:00:00Z,4,Flasterstein,43602
1961-05-30T00:00:00Z,10090,Kendra,M,1986-03-14T00:00:00Z,2,Hofting,44956
1955-10-04T00:00:00Z,10091,Amabile,M,1992-11-18T00:00:00Z,3,Gomatam,38645
1964-10-18T00:00:00Z,10092,Valdiodio,F,1989-09-22T00:00:00Z,1,Niizuma,25976
1964-06-11T00:00:00Z,10093,Sailaja,M,1996-11-05T00:00:00Z,3,Desikan,45656
1957-05-25T00:00:00Z,10094,Arumugam,F,1987-04-18T00:00:00Z,5,Ossenbruggen,66817
1965-01-03T00:00:00Z,10095,Hilari,M,1986-07-15T00:00:00Z,4,Morton,37702
1954-09-16T00:00:00Z,10096,Jayson,M,1990-01-14T00:00:00Z,4,Mandell,43889
1952-02-27T00:00:00Z,10097,Remzi,M,1990-09-15T00:00:00Z,3,Waschkowski,71165
1961-09-23T00:00:00Z,10098,Sreekrishna,F,1985-05-13T00:00:00Z,4,Servieres,44817
1956-05-25T00:00:00Z,10099,Valter,F,1988-10-18T00:00:00Z,2,Sullins,73578
1953-04-21T00:00:00Z,10100,Hironobu,F,1987-09-21T00:00:00Z,4,Haraldson,68431
