abbrev:keyword,name:text,scalerank:integer,type:keyword,location:cartesian_point
LUH,Sahnewal,9,small,POINT(8455502.60394535 3613330.7325705294)
SSE,Solapur,9,mid,POINT(8452829.548091331 1993750.242252398)
IXR,Birsa Munda,9,mid,POINT(9498179.37479558 2670487.5434313933)
AWZ,Ahwaz,9,mid,POINT(5426503.078078238 3677395.4640035294)
HOD,Hodeidah Int'l,9,mid,POINT(4783520.559160681 1661010.0197476079)
IDR,Devi Ahilyabai Holkar Int'l,9,mid,POINT(8439051.727244465 2599127.5424638605)
ISK,Gandhinagar,9,mid,POINT(8216554.78842419 2269006.0308637465)
IXU,Aurangabad,9,mid,POINT(8393026.88321721 2257317.0388104157)
OMS,Omsk Tsentralny,9,mid,POINT(8161539.810548711 7353650.845101996)
OVB,Novosibirsk Tolmachev,9,mid,POINT(9202465.316351846 7363726.532780712)
PKU,Simpang Tiga,9,mid,POINT(11292980.437026992 51719.69939393884)
ROP,Rota Int'l,9,mid,POINT(16168485.927626405 1593930.8182564748)
SGC,Surgut,9,mid,POINT(8171796.44765684 8704352.415875759)
TRZ,Tiruchirappalli,9,mid,POINT(8761841.111486122 1204941.537981898)
TUK,Turbat Int'l,9,mid,POINT(7016237.446487907 2997693.1716453317)
UET,Quetta Int'l,9,mid,POINT(7452698.660661697 3535602.359115375)
ZAH,Zahedan Int'l,9,mid,POINT(6779435.866395892 3436280.545331025)
BAX,Barnaul,9,mid,POINT(9300793.907152018 7050499.2403030945)
VIBY,Bareilly,9,military,POINT(8844556.48169578 3302259.0587350638)
OPQS,Dhamial,9,small,POINT(8129890.599688743 3970061.6672929903)
CJJ,Cheongju Int'l,9,major,POINT(14192780.461221408 4400430.851323913)
TAE,Daegu Int'l,9,mid,POINT(14319865.193657074 4286860.313581915)
USN,Ulsan,9,mid,POINT(14399814.111402465 4244748.079758785)
WIIT,Radin Inten II,9,mid,POINT(11708145.489503577 -584415.9142832769)
IXD,Allahabad,9,military,POINT(9098334.24757184 2930320.416739089)
CEK,Chelyabinsk,9,mid,POINT(6847513.34653189 7419877.287944653)
RTM,Rotterdam The Hague,8,mid,POINT(493573.29525730683 6790932.76136571)
VOZ,Voronezh-Chertovitskoye,8,mid,POINT(4366557.080596029 6766314.883439611)
LPL,Liverpool John Lennon,8,major,POINT(-318220.1960029257 7045462.213490053)
VTZ,Vishakapatnam,8,mid,POINT(9264400.050848246 2005730.8942003187)
UPG,Sultan Hasanuddin Int'l,8,major,POINT(13307765.486738103 -563891.4411780944)
VAV,Vava'u Int'l,8,mid,POINT(-19366039.63214016 -2106254.9227825566)
NCL,Newcastle Int'l,8,major,POINT(-190394.8217633351 7369066.857457128)
LCE,Goloson Int'l,8,mid,POINT(-9668261.248290801 1775229.5340126597)
MED,Madinah Int'l,8,major,POINT(4419287.5995595 2819867.0163798034)
YMX,Mirabel Int'l,8,mid,POINT(-8240841.451455459 5729730.32650937)
PLQ,Palanga Int'l,8,mid,POINT(2348556.9901333293 7552712.896849933)
JAI,Jaipur Int'l,8,mid,POINT(8438129.881488405 3101148.238256189)
IXW,Sonari,8,mid,POINT(9592675.061834114 2609711.3556761574)
YEI,Yenisehir,8,mid,POINT(3288925.4499280043 4903146.366382311)
ADA,Şakirpaşa,8,major,POINT(3929239.7725849575 4437045.3220224455)
ADQ,Kodiak,8,mid,POINT(-16974623.632803146 7914688.984267773)
AMA,Amarillo Int'l,8,major,POINT(-11321788.081606884 4193601.017647079)
ASP,Alice Springs,8,mid,POINT(14906004.647493467 -2729295.548151684)
BBI,Biju Patnaik,8,mid,POINT(9553092.491190977 2302986.8243190064)
BET,Bethel,8,mid,POINT(-18015833.618824102 8575194.185266923)
BGA,Palonegro,8,mid,POINT(-8146462.836181615 795507.4679731242)
BHM,Birmingham Int'l,8,major,POINT(-9657230.472993236 3970122.1375035276)
BHQ,Broken Hill,8,mid,POINT(15748413.703297768 -3763178.934067017)
BIL,Logan Int'l,8,major,POINT(-12082275.711751565 5748945.312867002)
BIS,Bismarck Muni.,8,mid,POINT(-11216270.39914765 5905442.7024805)
BJX,Del Bajio Int'l,8,mid,POINT(-11296563.152872415 2390195.8574735913)
BNI,Benin,8,mid,POINT(623799.0891538061 704652.9070746127)
BOJ,Bourgas,8,major,POINT(3063112.6791152563 5246307.98528631)
BRE,Bremen,8,major,POINT(978037.6584513546 6992675.481947904)
BRM,Jacinto Lara Int'l,8,mid,POINT(-7720685.958046343 1124010.8981878893)
BRO,Brownsville-South Padre Island Int'l,8,mid,POINT(-10846054.504764346 2987477.244173611)
BRS,Bristol Int'l,8,major,POINT(-301772.0770497764 6689911.121977719)
BTR,Baton Rouge Metro,8,major,POINT(-10147523.482711002 3572197.752773574)
BTS,Bratislava-M.R. Štefánik,8,major,POINT(1914693.5720991618 6135156.464057406)
BTV,Burlington Int'l,8,mid,POINT(-8143586.11862753 5538342.439387725)
CAE,Columbia Metro,8,major,POINT(-9029049.897824744 4019970.844460819)
CCJ,Calicut Int'l,8,major,POINT(8454825.87302229 1247936.18972128)
CCK,Cocos (Keeling) Islands,8,mid,POINT(10778926.83405992 -1366787.9252723285)
CFU,Corfu Int'l (Ioannis Kapodistrias),8,mid,POINT(2216900.5154671874 4808960.53091504)
CGQ,Changchun Longjia Int'l,8,major,POINT(13991797.649996879 5464360.757377616)
CJB,Coimbatore,8,mid,POINT(8575930.4260053 1235525.115500211)
CLJ,Someseni,8,mid,POINT(2636822.6931889798 5906670.9548221715)
CMW,Ignacio Agramonte,8,mid,POINT(-8665677.337307706 2442592.6191352885)
CPR,Casper/Natrona County Int'l,8,major,POINT(-11851567.783803489 5296336.193346968)
CRK,Clark Int'l,8,major,POINT(13419650.356063033 1710834.7683201516)
CTA,Catania Fontanarossa,8,major,POINT(1677302.030486277 4504832.994753228)
CTM,Chetumal Int'l,8,mid,POINT(-9832211.652516523 2096911.838660972)
CWL,Cardiff,8,major,POINT(-371759.094310016 6692110.5772358915)
CYB,Gerrard Smith,8,mid,POINT(-8892140.994383324 2236327.1901728613)
CZM,Cozumel Int'l,8,mid,POINT(-9677048.57568442 2333731.052796642)
DAY,James M. Cox Dayton Int'l,8,major,POINT(-9375378.65743411 4851281.9169470705)
DBO,Dubbo,8,mid,POINT(16538705.24374076 -3792050.261192505)
DCA,Washington Nat'l,8,major,POINT(-8576425.087554498 4700739.2820124375)
DGO,Durango Int'l,8,mid,POINT(-11636654.510161458 2768793.0561534814)
DNK,Voloskoye,8,mid,POINT(3906635.748371418 6168224.997725351)
DOK,Donetsk,8,major,POINT(4201732.868678245 6118369.504076505)
DZO,Santa Bernardina Int'l,8,mid,POINT(-6289469.256526324 -3943067.186649304)
EDI,Edinburgh Int'l,8,major,POINT(-374510.45803289703 7548181.024106322)
EIS,Terrance B. Lettsome Int'l,8,mid,POINT(-7184242.835168404 2089626.4842600985)
EKO,Elko Reg.,8,mid,POINT(-12889291.908879902 4986946.728825229)
ESE,Ensenada,8,mid,POINT(-12979376.668927394 3736786.63505639)
FAE,Vágar,8,mid,POINT(-809381.7536597336 8873977.812306616)
FAT,Fresno Yosemite Int'l,8,mid,POINT(-13327169.58511052 4407070.049111948)
FLG,Flagstaff Pulliam,8,mid,POINT(-12431565.859544765 4182774.746162051)
FRS,Mundo Maya Int'l,8,mid,POINT(-10005155.429448588 1910929.774595442)
FSD,Sioux Falls Reg.,8,mid,POINT(-10768088.310616335 5400704.342583571)
GEG,Spokane Int'l,8,major,POINT(-13084140.802946268 6044772.376338353)
GGT,Exuma Int'l,8,mid,POINT(-8446100.653811105 2700354.6779349237)
GIB,Gibraltar,8,mid,POINT(-595199.9142010021 4321456.558557268)
GRR,Gerald R. Ford Int'l,8,mid,POINT(-9521108.537199756 5294450.235274964)
GSO,Triad Int'l,8,major,POINT(-8898489.001675807 4315130.954430402)
GTF,Great Falls Int'l,8,mid,POINT(-12396169.440330252 6021151.295119785)
GZT,Gaziantep Oğuzeli Int'l,8,major,POINT(4171564.69612111 4431493.875868084)
HBX,Hubli,8,mid,POINT(8358570.414575938 1730629.8095922712)
HDY,Hat Yai Int'l,8,mid,POINT(11175781.270722937 774043.1418880608)
HFE,Hefei-Luogang,8,mid,POINT(13058243.479722492 3734448.089605577)
HRG,Hurghada Int'l,8,major,POINT(3763395.907768361 3146031.7460181173)
HRK,Kharkov Int'l,8,major,POINT(4038916.1487897974 6432698.341696475)
HSV,Huntsville Int'l,8,major,POINT(-9659742.474646779 4116193.303177003)
IBA,Ibadan,8,mid,POINT(442362.8778862212 821612.6447678236)
ICT,Kansas City Int'l,8,major,POINT(-10845717.58832889 4530511.531807453)
ILM,Wilmington Int'l,8,mid,POINT(-8672943.345543798 4064681.1100209253)
ILR,Ilorin Int'l,8,mid,POINT(500363.34321139066 942432.5693217871)
INL,Falls Int'l,8,mid,POINT(-10397018.107826466 6201537.80542095)
INV,Inverness,8,mid,POINT(-452356.9650553498 7871196.74278086)
IPL,Imperial Cty.,8,mid,POINT(-12865415.696434157 3873285.4354750603)
IXJ,Jammu,8,mid,POINT(8331407.590069867 3853043.8659432284)
IXM,Madurai,8,mid,POINT(8693065.883907339 1100490.6215684628)
JLR,Jabalpur,8,mid,POINT(8912098.603220006 2654350.0740737827)
JRO,Kilimanjaro Int'l,8,mid,POINT(4126078.033182307 -381434.62997014524)
KAD,Kaduna,8,mid,POINT(815443.4866656137 1197493.468809646)
KGA,Kananga,8,mid,POINT(2502276.6110788053 -657967.4512964803)
KMS,Kumasi,8,mid,POINT(-177284.66764144658 749183.4082690945)
KNA,Viña del Mar,8,mid,POINT(-7957184.275847894 -3888455.835146245)
KNU,Kanpur,8,mid,POINT(8946472.94752109 3053534.6493105646)
KOA,Kona Int'l at Keahole,8,mid,POINT(-17370392.35884766 2241912.5796443797)
KOI,Kirkwall,8,mid,POINT(-322979.9766892366 8170543.7302916255)
KTU,Kota,8,mid,POINT(8443638.79089507 2895830.318753794)
LEX,Blue Grass,8,major,POINT(-9417436.137112718 4584714.387694398)
LIH,Lihue,8,mid,POINT(-17738658.92159534 2508899.0003370745)
LIT,Clinton National,8,major,POINT(-10265948.911502535 4127036.8399761617)
LMM,Los Mochis,8,mid,POINT(-12143030.022268604 2960552.2966441293)
LOV,Venustiano Carranza Int'l,8,mid,POINT(-11295027.684094377 3117899.762984433)
LRD,Laredo Int'l,8,mid,POINT(-11071353.471975287 3191561.350631171)
LSI,Sumburgh,8,mid,POINT(-143386.25994213327 8372335.289070629)
LTK,Bassel Al-Assad Int'l,8,major,POINT(4001294.572750907 4219371.835967912)
LTN,London Luton,8,major,POINT(-41881.42782922769 6778510.173845021)
LYR,Svalbard Longyear,8,mid,POINT(1724921.0020051654 14502137.593437826)
MBJ,Sangster Int'l,8,mid,POINT(-8673835.583232503 2096292.1109924756)
MDL,Mandalay Int'l,8,mid,POINT(10683404.289295465 2476209.3811312905)
MDW,Chicago Midway Int'l,8,major,POINT(-9767408.864089532 5129327.726857204)
MGM,Montgomery Reg.,8,major,POINT(-9616925.035951443 3803359.277461787)
MHT,Manchester-Boston Reg.,8,major,POINT(-7952388.785102858 5301006.050448044)
DNMA,Maiduguri Int'l,8,mid,POINT(1456631.0122478239 1329037.0143177188)
MJM,Mbuji Mayi,8,mid,POINT(2624035.1929455665 -683116.9489604657)
MOT,Minot Int'l,8,mid,POINT(-11275705.459089473 6149484.221118551)
MSO,Missoula Int'l,8,mid,POINT(-12699738.826715998 5928823.781126811)
MXL,Gen R.S. Taboada Int'l,8,mid,POINT(-12829334.654012986 3846105.236601159)
MXP,Malpensa,8,major,POINT(969922.2187413104 5720845.988980041)
NLK,Norfolk Island,8,mid,POINT(18695373.11511 -3380121.7818557587)
NUE,Nurnberg,8,major,POINT(1233132.528159873 6359188.953344722)
ODS,Odessa Int'l,8,major,POINT(3414929.187260608 5851243.349732847)
OOL,Gold Coast,8,mid,POINT(17088975.215953026 -3269984.022480106)
ORN,Oran Es Senia,8,mid,POINT(-67548.32909537641 4248496.772400898)
PAT,Lok Nayak Jaiprakash,8,mid,POINT(9472275.896415105 2948937.113945639)
PDU,Paysandu,8,mid,POINT(-6464159.711970307 -3810851.2315571434)
PFO,Paphos Int'l,8,major,POINT(3616016.8685464207 4125001.4095472917)
PLM,Sultan Mahmud Badaruddin II,8,mid,POINT(11655053.65183475 -322963.7194879351)
PTG,Polokwane Int'l,8,mid,POINT(3278730.8515442796 -2736234.3627758687)
PUJ,Punta Cana,8,mid,POINT(-7610160.521143836 2103557.773842323)
QRO,Queretaro Int'l,8,mid,POINT(-11152805.835673615 2346918.2122207084)
RAJ,Rajkot,8,mid,POINT(7879188.530175245 2548698.927041634)
RIC,Richmond Int'l,8,major,POINT(-8608683.499570044 4510194.66673246)
RJH,Shah Makhdum,8,mid,POINT(9864443.602036383 2807704.1980897053)
ROC,Greater Rochester Int'l,8,major,POINT(-8645655.470767464 5331406.755479048)
ROK,Rockhampton,8,mid,POINT(16751234.18917346 -2677868.447049639)
ROV,Rostov-on-Don,8,mid,POINT(4430906.959748802 5983814.704682168)
RTW,Saratov,8,mid,POINT(5124595.3468343755 6721071.101067962)
SAP,Ramón Villeda Morales Int'l,8,mid,POINT(-9788015.195435785 1741793.3596854515)
SBA,Santa Barbara Muni.,8,mid,POINT(-13340149.466371058 4086111.600439102)
SCC,Deadhorse,8,mid,POINT(-16526252.822861642 11133306.995482098)
SFJ,Kangerlussuaq,8,mid,POINT(-5643252.418852878 10161216.48600118)
SGF,Springfield Reg.,8,major,POINT(-10395307.700094266 4472912.56616818)
SHV,Shreveport Reg.,8,major,POINT(-10444943.31574418 3823130.335275332)
SIP,Simferopol Int'l,8,major,POINT(3784423.3005313645 5624704.86344426)
SIT,Sitka Rocky Gutierrez,8,mid,POINT(-15068839.904319104 7771059.43215472)
SJD,Los Cabos Int'l,8,major,POINT(-12213736.126559211 2651701.1924684388)
SLE,McNary Field,8,major,POINT(-13693173.616651691 5607444.70675169)
SLW,Plan de Guadalupe,8,mid,POINT(-11235727.848882718 2943205.3642723667)
SNN,Shannon,8,major,POINT(-993240.2368420266 6926495.232889382)
SON,Santo Pekoa Int'l,8,mid,POINT(18614944.872420333 -1747531.4057391365)
SRG,Achmad Yani,8,mid,POINT(12287284.676877439 -778797.2653059739)
TAP,Tapachula Int'l,8,mid,POINT(-10282581.698533153 1665140.101219538)
TGD,Podgorica,8,major,POINT(2142531.380922883 5216254.438035203)
TLH,Tallahassee Reg.,8,major,POINT(-9389241.938720442 3554497.0951100723)
TRN,Turin Int'l,8,major,POINT(850944.2551802637 5651745.077274048)
TYN,Taiyuan Wusu Int'l,8,major,POINT(12537456.896295004 4544804.369730283)
UAK,Narsarsuaq,8,mid,POINT(-5055730.620995213 8663253.79608162)
VFA,Victoria Falls,8,mid,POINT(2877249.021340671 -2049141.4070381462)
VGA,Vijaywada,8,mid,POINT(8994315.184034804 1866024.5606041239)
VNS,Varanasi,8,mid,POINT(9223251.085231334 2931107.6427009604)
VRA,Juan Gualberto Gomez,8,major,POINT(-9065493.13194443 2636801.3028389914)
VSA,Villahermosa,8,mid,POINT(-10332571.339315712 2036736.9495373347)
YBR,Brandon,8,mid,POINT(-11125926.238492947 6429792.717696196)
YFB,Iqaluit,8,mid,POINT(-7629473.800098713 9286851.57832899)
YHM,John C. Munro Hamilton Int'l,8,mid,POINT(-8897368.719974093 5336870.13325121)
YMM,Fort McMurray,8,mid,POINT(-12381381.238061914 7690194.899629589)
YPE,Peace River,8,mid,POINT(-13073768.785220405 7604724.391298121)
YQM,Greater Moncton Int'l,8,mid,POINT(-7201109.768953818 5798990.9030672265)
YQY,Sydney/J.A. Douglas McCurdy,8,mid,POINT(-6684394.474102403 5807206.339210798)
YRB,Resolute Bay,8,mid,POINT(-10572101.354980916 12812131.986712972)
YSM,Fort Smith,8,mid,POINT(-12463448.18099093 8404164.160643855)
YTH,Thompson,8,mid,POINT(-10893806.966216503 7518205.231648724)
YTS,Timmins,8,mid,POINT(-9058294.836846324 6201565.547178734)
YUT,Repulse Bay,8,mid,POINT(-9601306.080919845 10024354.442948502)
YVP,Kuujjuaq,8,mid,POINT(-7617964.784721942 7988766.504596894)
YWK,Wabush,8,mid,POINT(-7444269.3096940005 6969334.746868434)
YXD,Edmonton City Centre,8,mid,POINT(-12637319.62435103 7089313.315893888)
YXJ,Fort St. John (N. Peace),8,mid,POINT(-13440318.909673138 7607550.988458597)
YYB,North Bay/Jack Garland,8,mid,POINT(-8841540.537501581 5838020.434522123)
ZAR,Zaria,8,mid,POINT(855742.7196221425 1247453.2980989793)
SKP,Skopje,8,mid,POINT(2407639.8975023176 5154458.785750381)
VE23,Burnpur,8,mid,POINT(9681962.25914386 2708534.3634418976)
VIDX,Hindon Air Force Station,8,mid,POINT(8610650.430347139 3338507.4311547293)
,Sunchon,8,major,POINT(14014102.540944425 4780855.139040323)
EPLL,Łódź Władysław Reymont,8,mid,POINT(2159955.9995710915 6750950.4877955355)
JMU,Jiamusi Dongjiao,8,mid,POINT(14522318.278517649 5916487.666913196)
MDG,Mudanjiang Hailang,8,major,POINT(14424796.485481957 5548501.105573782)
OSB,Mosul Int'l,8,mid,POINT(4802968.708507405 4343167.901295984)
,Rostov S.W.,8,mid,POINT(4430206.4362093005 5961005.548269013)
OUL,Oulu,8,mid,POINT(2824491.347188837 9589641.85948846)
BOD,Bordeaux,8,major,POINT(-78123.28939311122 5595129.388870756)
CEQ,Mandelieu,8,mid,POINT(774150.9293260665 5395466.397670621)
DOL,St Gatien,8,mid,POINT(17661.22997514412 6336451.994711043)
LIL,Lille-Lesquin,8,mid,POINT(345754.4419988828 6545869.162216055)
TLS,Toulouse-Blagnac,8,major,POINT(152898.34313102745 5408432.374516665)
FUK,Fukuoka,8,major,POINT(14520980.756743785 3973188.3320597117)
HIW,Hiroshima-Nishi,8,mid,POINT(14740857.144768618 4078779.1778013846)
NKM,Nagoya,8,mid,POINT(15241823.31132671 4198459.780369257)
SDJ,Sendai,8,mid,POINT(15688283.375864074 4598968.345712369)
KKN,Kirkenes Hoybuktmoen,8,mid,POINT(3327489.744242572 10979419.061494261)
CGB,Marechal Rondon Int'l,8,mid,POINT(-6247269.579797729 -1764358.612397846)
FLN,Hercilio Luz Int'l,8,major,POINT(-5403983.775311228 -3206756.4359988477)
JOI,Joinville-Lauro C. de Loyola,8,mid,POINT(-5432574.80745129 -3026887.357786029)
JPA,Presidente Castro Pinto Int'l,8,mid,POINT(-3890492.927031454 -797579.085511895)
NAT,Augusto Severo Int'l,8,major,POINT(-3923883.0330141652 -657850.389136288)
OPO,Francisco Sa Carneiro,8,major,POINT(-965281.6288988747 5047343.097700593)
SLZ,Marechal Cunha Machado Int'l,8,mid,POINT(-4924355.095817733 -287692.4344673997)
THE,Teresina-Senador Petronio Portella,8,mid,POINT(-4766838.65773869 -564397.2561590385)
VCP,Viracopos-Campinas Int'l,8,mid,POINT(-5247720.930998793 -2633182.5280236835)
VIX,Eurico de Aguiar Salles,8,mid,POINT(-4484899.409841375 -2303550.4814070775)
ALC,Alicante,8,major,POINT(-62030.60887578622 4619998.070732385)
LEI,Almeria,8,mid,POINT(-264005.4647312065 4417908.697067482)
VLC,Valencia,8,mid,POINT(-52706.98819688343 4792315.469321795)
KRN,Kiruna_Airport,8,mid,POINT(2263698.7987375925 10395368.076123616)
NRK,Norrköping Airport,8,major,POINT(1807154.0200379654 8090879.147781534)
BDO,Husein Sastranegara Int'l,8,mid,POINT(11975262.33316275 -770015.4151889349)
ROS,Rosario – Islas Malvinas Int'l,8,mid,POINT(-6766007.413670117 -3884189.7670996315)
MCZ,Maceio/Zumbi dos Palmares Int'l,8,mid,POINT(-3984402.331155381 -1064100.720821432)
SSH,Sharm el-Sheikh Int'l,8,mid,POINT(3828290.52724357 3246503.4598812717)
TCP,Taba Int'l,8,mid,POINT(3871228.566901569 3451532.2465900625)
BDQ,Vadodara,8,mid,POINT(8151513.19896513 2551933.881611313)
KSH,Shahid Ashrafi Esfahani,8,mid,POINT(5249446.864614371 4075412.726983416)
BEN,Benina Int'l,8,mid,POINT(2256227.8701199214 3774772.6104427055)
STY,Nueva Hespérides Int'l,8,mid,POINT(-6454758.495452069 -3689683.574835729)
BAIK,Baikonur Cosmodrome,8,spaceport,POINT(7047342.45793506 5774513.8388964385)
KSC,Kennedy Space Center,8,spaceport,POINT(-8976466.227024632 3314233.6639724695)
CSG,Centre Spatial Guyanais,8,spaceport,POINT(-5874154.722978567 584063.0295580276)
AUA,Queen Beatrix Int'l,7,mid,POINT(-7793212.928016378 1403060.2071661926)
JIB,Djibouti-Ambouli Int'l,7,mid,POINT(4803404.055213036 1294776.4983449278)
SAW,Sabiha Gökçen Havaalani,7,major,POINT(3262729.6518857 4998236.219261378)
KSA,Kosrae Island,7,mid,POINT(18140294.850353952 596651.320688774)
FUN,Funafuti Int'l,7,mid,POINT(19947945.358478162 -952503.2767485124)
NAG,Dr. Babasaheb Ambedkar Int'l,7,mid,POINT(8800228.498804038 2402605.2259955257)
HKT,Phuket Int'l,7,mid,POINT(10943378.146616975 905570.5769228583)
NAN,Nadi Int'l,7,mid,POINT(19753771.792048123 -2008647.5942184671)
AGU,Lic. Jesús Terán Peredo Int'l,7,mid,POINT(-11389552.816118516 2475704.9642261537)
ALL,Albenga,7,mid,POINT(904264.4044875562 5472544.55743755)
AMM,Queen Alia Int'l,7,major,POINT(4006355.8750943555 3726960.5297070127)
ARI,Chacalluta Int'l,7,mid,POINT(-7829737.663879898 -2078463.2903823575)
ATR,Atar Int'l,7,mid,POINT(-1452849.6467833705 2332152.2831793325)
BAQ,Ernesto Cortissoz Int'l,7,mid,POINT(-8324088.134775176 1219258.1599457236)
BRC,Teniente Luis Candelaria Int'l,7,mid,POINT(-7921654.161403338 -5033900.199593994)
BYK,Bouaké,7,mid,POINT(-564272.0670974004 863807.8801400807)
BZE,Philip S. W. Goldson Int'l,7,major,POINT(-9830424.56968349 1983316.913916906)
CRP,Corpus Christi Int'l,7,major,POINT(-10853902.810592396 3220567.504659815)
CUR,Hato Int'l,7,mid,POINT(-7676244.635519452 1366751.0275958779)
CUZ,Velazco Astete Int'l,7,major,POINT(-8008732.0584205985 -1521290.1742299814)
DAR,Julius Nyerere Int'l,7,mid,POINT(4364555.763107769 -766236.25732045)
DET,Detroit City,7,mid,POINT(-9239959.467363305 5222458.073872979)
DIL,Presidente Nicolau Lobato Int'l,7,mid,POINT(13973362.852466041 -955256.3689919653)
DME,Moscow Domodedovo Int'l,7,major,POINT(4219036.879250353 7442663.196985433)
DUD,Dunedin Int'l,7,mid,POINT(18946580.338641413 -5768087.463027902)
DZA,Dzaoudzi Pamanzi Int'l,7,mid,POINT(5040745.406460782 -1437456.6844804727)
ELP,El Paso Int'l,7,mid,POINT(-11843916.780693443 3736966.344092591)
EVN,Zvartnots Int'l,7,major,POINT(4942592.410326432 4888108.74092733)
FTW,Fort Worth Meacham Field,7,major,POINT(-10837524.038298065 3871536.006539092)
GDT,JAGS McCartney Int'l,7,mid,POINT(-7919951.380391025 2444675.8786769514)
GLS,Scholes Int'l,7,mid,POINT(-10559254.981462145 3409689.0555304266)
GOM,Goma Int'l,7,mid,POINT(3254987.8658562815 -184628.88894769456)
GOU,Garoua Int'l,7,mid,POINT(1488612.2026627557 1043309.2781158191)
GUM,Antonio B. Won Pat Int'l,7,major,POINT(16119713.525638564 1516072.5798671548)
GYY,Gary/Chicago Int'l,7,mid,POINT(-9730254.084501456 5103897.5235705795)
HAH,Prince Said Ibrahim Int'l,7,mid,POINT(4817302.11908583 -1293019.6871203585)
HBA,Hobart Int'l,7,mid,POINT(16420292.38487077 -5287286.758863006)
HIR,Honiara Int'l,7,mid,POINT(17816223.096637283 -1054240.8270733042)
IEV,Kiev Zhuliany Int'l,7,mid,POINT(3389136.426421935 6518076.263289912)
IND,Indianapolis Int'l,7,major,POINT(-9603910.997645874 4826813.4210143285)
INU,Nauru Int'l,7,mid,POINT(18581019.671998776 -60674.18164536664)
IPC,Mataveri Int'l,7,mid,POINT(-12181699.047597444 -3143322.4850485763)
JUJ,Gob. Horacio Guzman Int'l,7,mid,POINT(-7246204.945703721 -2800527.284017333)
KHN,Nanchang Changbei Int'l,7,mid,POINT(12903262.581378927 3358155.5960129797)
KMG,Kunming Wujiaba Int'l,7,major,POINT(11437200.211897217 2875744.1465633484)
LBA,Leeds Bradford,7,major,POINT(-184771.54921997504 7145400.867562014)
LBV,Libreville Leon M'ba Int'l,7,mid,POINT(1047541.2747129751 50889.04616708905)
LFW,Lomé Tokoin,7,mid,POINT(139253.11953544617 687822.5535436489)
MAJ,Marshall Islands Int'l,7,mid,POINT(19067016.046435077 788822.6351632545)
MFM,Macau Int'l,7,major,POINT(12643056.948534435 2530464.4237606986)
MGQ,Aden Adde Int'l,7,mid,POINT(5043177.848523895 224505.74735198304)
MPM,Maputo Int'l,7,mid,POINT(3626142.4129508836 -2989705.3087203507)
MRU,Sir Seewoosagur Ramgoolam Int'l,7,mid,POINT(6420572.7128638765 -2324249.2006122437)
NAP,Naples Int'l,7,major,POINT(1589958.9694746814 4994374.042314908)
NDB,Nouadhibou Int'l,7,mid,POINT(-1896153.8526920453 2383420.841325014)
NGB,Ningbo Lishe Int'l,7,major,POINT(13521067.885150602 3480539.064616827)
NKC,Nouakchott Int'l,7,mid,POINT(-1775760.271167521 2049013.4688025746)
NOU,La Tontouta Int'l,7,mid,POINT(18503217.64052093 -2513162.7933494844)
OAK,Oakland Int'l,7,major,POINT(-13604718.011410616 4538863.31561408)
ONT,Ontario Int'l,7,major,POINT(-13090318.035377573 4036887.0868777614)
ORK,Cork,7,major,POINT(-945118.2841845707 6772785.8355821455)
PDG,Minangkabau Int'l,7,mid,POINT(11163725.879392691 -87504.95360158873)
PDL,João Paulo II,7,mid,POINT(-2860575.6435568 4543230.3658530535)
PEW,Bacha Khan Int'l,7,mid,POINT(7961438.066966148 4027647.689150116)
PIK,Glasgow Prestwick,7,mid,POINT(-513291.01491689496 7461264.703902999)
PMG,Ponta Porã Int'l,7,mid,POINT(-6201172.390098794 -2577904.048923968)
PMR,Palmerston N. Int'l,7,mid,POINT(19550071.827409033 -4913037.790681443)
PNI,Pohnpei Int'l,7,mid,POINT(17611111.29774732 779085.7073988881)
PPT,Tahiti Faa'a Int'l,7,mid,POINT(-16654482.070742918 -1986047.649798476)
RAI,Praia Int'l,7,mid,POINT(-2614472.04601206 1682861.125883868)
RAK,Marrakech-Menara,7,mid,POINT(-893294.9823897476 3711218.094472542)
RAR,Rarotonga Int'l,7,mid,POINT(-17788649.38995358 -2415859.7629382997)
REP,Siem Reap Int'l,7,major,POINT(11556719.824695675 1506475.2703427267)
RGA,Hermes Quijada Int'l,7,mid,POINT(-7542232.448229492 -7128878.350037609)
RGL,Piloto Civil Norberto Fernandez Int'l,7,mid,POINT(-7715161.0801772615 -6730217.719884303)
RNO,Reno-Tahoe Int'l,7,major,POINT(-13333323.547478328 4794391.43877309)
ROR,Roman Tmetuchl Int'l,7,mid,POINT(14976139.87476799 822078.6365996924)
SID,Amilcar Cabral Int'l,7,mid,POINT(-2554120.7873862777 1889975.13242098)
SJJ,Sarajevo,7,major,POINT(2041223.0393792342 5438537.24696356)
SKB,Robert L. Bradshaw Int'l,7,mid,POINT(-6981314.201527872 1957072.1904655132)
SLA,Martín Miguel de Güemes Int,7,mid,POINT(-7289030.611113107 -2856641.581825258)
SPN,Saipan Int'l,7,mid,POINT(16221887.485914063 1703208.4974420785)
SRE,Juana Azurduy de Padilla Int'l,7,mid,POINT(-7268368.277044414 -2156574.3426799397)
SXM,Princess Juliana Int'l,7,major,POINT(-7025626.436682454 2042493.7259003702)
TAI,Ta'izz Int'l,7,mid,POINT(4913061.539893586 1538158.9292770089)
TAO,Qingdao Liuting Int'l,7,mid,POINT(13400716.661194453 4337527.2570991535)
TKK,Chuuk Int'l,7,mid,POINT(16902979.245892506 832532.2878718402)
TNG,Tangier Ibn Battouta,7,mid,POINT(-658218.8882998485 4262952.461339153)
TRW,Bonriki Int'l,7,mid,POINT(19274523.52822974 153710.21304974618)
TSE,Astana Int'l,7,major,POINT(7954995.913270655 6626059.647523059)
TSN,Tianjin Binhai Int'l,7,major,POINT(13063645.385366186 4740232.750603333)
TUC,Teniente Gen. Benjamin Matienzo Int'l,7,mid,POINT(-7247803.279606909 -3102963.45676297)
TUN,Aeroport Tunis,7,major,POINT(1137429.0770000557 4417864.313958366)
TUS,Tucson Int'l,7,major,POINT(-12349529.746771142 3779119.131277403)
ULN,Chinggis Khaan Int'l,7,mid,POINT(11884788.768741926 6082355.405563132)
URC,Ürümqi Diwopu Int'l,7,major,POINT(9736796.355915418 5449723.243382809)
VLI,Bauerfield Int'l,7,mid,POINT(18737254.693895087 -2002662.2875210827)
WWK,Wewak Int'l,7,mid,POINT(15993171.310729112 -398808.6502783647)
XMN,Xiamen Gaoqi Int'l,7,major,POINT(13149834.020969763 2819005.3334833384)
YAP,Yap Int'l,7,mid,POINT(15371711.104633339 1062179.246843793)
ZLO,Playa de Oro Int'l,7,mid,POINT(-11639576.554971006 2172378.4273351827)
CAY,Cayenne – Rochambeau,7,mid,POINT(-5829112.315344805 537335.497998322)
UIII,Irkutsk N.W.,7,mid,POINT(11599196.977553647 6865782.00373984)
SJW,Shijiazhuang Zhengding Int'l,7,major,POINT(12767484.71571615 4618792.651434057)
GYD,Heydar Aliyev Int'l,7,major,POINT(5571522.645949029 4933417.026045506)
CFB,Cabo Frio Int'l,7,mid,POINT(-4684240.877996653 -2623027.5249208915)
HEM,Helsinki-Malmi,7,mid,POINT(2788056.2440145654 8455469.633769127)
LUX,Luxembourg-Findel,7,major,POINT(692008.8444649252 6383182.97865069)
VCE,Venice Marco Polo,7,major,POINT(1373801.3277301549 5701352.694091503)
YNY,Yangyang Int'l,7,mid,POINT(14322698.382555997 4587733.128111555)
TBT,Tabatinga Int'l,7,mid,POINT(-7785626.624672179 -473578.5300370567)
BVB,Boa Vista Int'l,7,mid,POINT(-6756227.096075219 316410.1201485046)
LPA,Gran Canaria,7,major,POINT(-1713198.560450905 3241019.3864272083)
ING,Com. Armando Tola Int'l,7,mid,POINT(-8020998.660927022 -6495588.415151117)
NYO,Stockholm-Skavsta,7,mid,POINT(1883704.5141685435 8134083.898609498)
MES,Polonia Int'l,7,mid,POINT(10984583.510474388 397287.84167945426)
BGF,Bangui M'Poko Int'l,7,mid,POINT(2062096.0099064007 490159.67590257555)
HGH,Hangzhou Xiaoshan Int'l,7,major,POINT(13406439.755097099 3533816.8107512025)
CXI,Cassidy Int'l,7,mid,POINT(-17516097.151531324 221142.74757068782)
SQQ,Šiauliai Int'l,7,mid,POINT(2603004.645166201 7539282.67806727)
IUE,Niue Int'l,7,mid,POINT(-18916090.23893756 -2163969.7053835443)
AGT,Guaraní Int'l,7,mid,POINT(-6104694.031044648 -2931964.4005073807)
AQP,Rodríguez Ballón Int'l,7,mid,POINT(-7966905.918635838 -1844658.508676942)
PRN,Pristina,7,major,POINT(2341078.8377142325 5249021.444376864)
ANR,Deurne,6,mid,POINT(495474.4567617634 6654816.798110057)
LAP,Gen. Márquez de León Int'l,6,mid,POINT(-12286020.26603441 2762682.794954582)
HRB,Harbin Taiping,6,major,POINT(14052636.670274785 5719757.353706103)
TRV,Trivandrum Int'l,6,mid,POINT(8562573.065500375 947061.8445487191)
ADB,Adnan Menderes,6,major,POINT(3022245.983700102 4620649.60509541)
NKG,Nanjing Lukou Int'l,6,major,POINT(13232113.963574817 3728617.8352103615)
FPO,Freeport Int'l,6,mid,POINT(-8761281.890977832 3067143.6374498503)
TIP,Tripoli Int'l,6,major,POINT(1463212.21662777 3851473.635896816)
YQX,Gander Int'l,6,mid,POINT(-6075324.874701395 6265805.045828414)
ABQ,Albuquerque Int'l,6,major,POINT(-11868515.102256078 4170563.5012235222)
ANU,V.C. Bird Int'l,6,mid,POINT(-6878694.903916862 1937169.899469179)
APW,Faleolo,6,mid,POINT(-19146654.327152207 -1555006.8367732386)
ATZ,Asyut,6,mid,POINT(3452713.0498732966 3129821.9526517875)
BAH,Bahrain Int'l,6,major,POINT(5635660.861027672 3032522.616286349)
BDL,Bradley Int'l,6,major,POINT(-8091301.130936581 5150546.8283608835)
BGI,Grantley Adams Int'l,6,mid,POINT(-6622109.180032715 1468834.8298397462)
BJL,Yundum Int'l,6,mid,POINT(-1853727.0337250433 1499045.0010975497)
BJM,Bujumbura Int'l,6,mid,POINT(3263997.0103294738 -370015.6602307333)
BLZ,Chileka Int'l,6,mid,POINT(3893059.018590655 -1767854.5001858468)
BME,Broome Int'l,6,mid,POINT(13607009.997033369 -2031998.4098272626)
BND,Bandar Abbass Int'l,6,mid,POINT(6274955.736911527 3149773.84868117)
BSR,Basrah Int'l,6,major,POINT(5306419.417106288 3574806.7582105543)
CJS,Ciudad Juarez Int'l,6,mid,POINT(-11848384.249120004 3715592.418746559)
CMB,Katunayake Int'l,6,major,POINT(8892786.169217823 801158.3816002631)
CNS,Cairns Int'l,6,mid,POINT(16225214.846172804 -1906481.8084950116)
CNX,Chiang Mai Int'l,6,major,POINT(11017080.514349962 2127740.252420455)
COS,City of Colorado Springs,6,major,POINT(-11655248.677721538 4692695.8242829)
CPE,Ign. Alberto Ongay Int'l,6,mid,POINT(-10074817.825470977 2251036.241428327)
CSX,Changsha Huanghua Int'l,6,major,POINT(12602930.864548087 3272939.761293922)
CVG,Greater Cincinnati Int'l,6,major,POINT(-9423881.727484405 4729612.966899267)
DAD,Da Nang,6,major,POINT(12045070.163087592 1810877.975522384)
DAL,Dallas Love Field,6,major,POINT(-10781277.518383406 3874672.1933670016)
DAM,Damascus Int'l,6,major,POINT(4064596.931310203 3950043.5050990772)
DAV,Enrique Malek Int'l,6,mid,POINT(-9176261.3632622 937468.2344106183)
DIR,Aba Tenna D. Yilma Int'l,6,mid,POINT(4659584.164069928 1075134.0681996795)
DPS,Bali Int'l,6,major,POINT(12819811.150600947 -977263.4484991981)
DSM,Des Moines Int'l,6,major,POINT(-10424899.020633116 5091248.620985529)
EBB,Entebbe Int'l,6,mid,POINT(3611511.224070954 5002.804114694496)
FKI,Kisangani Bangoka Int'l,6,mid,POINT(2819752.923880007 54794.9256193094)
FOC,Fuzhou Changle Int'l,6,mid,POINT(13321385.702380756 2990639.416433904)
GAU,Lokpriya G. Bordoloi Int'l,6,mid,POINT(10195555.021415079 3012122.158586034)
GDN,Gdansk Lech Walesa,6,major,POINT(2055897.583295918 7242589.051225524)
GND,Point Salines Int'l,6,mid,POINT(-6877969.693178219 1346535.5994887853)
GOJ,Nizhny Novgorod Int'l,6,mid,POINT(4874639.726208561 7602046.889043493)
GYM,Gen. José M. Yáñez Int'l,6,mid,POINT(-12347741.737370215 3245123.359448489)
HET,Hohhot Baita Int'l,6,mid,POINT(12447153.443595309 4990839.333622971)
HLN,Helena Reg.,6,mid,POINT(-12466658.296454819 5878679.980952085)
HMO,Gen. Ignacio P. Garcia Int'l,6,mid,POINT(-12362241.150184356 3387115.853910557)
IAD,Dulles Int'l,6,major,POINT(-8621448.832725875 4714909.1145619275)
ITO,Hilo Int'l,6,mid,POINT(-17258932.634703662 2239275.227556005)
JAN,Jackson Int'l,6,major,POINT(-10027114.112388613 3804079.9932397893)
JAX,Jacksonville Int'l,6,major,POINT(-9092974.16751545 3566866.3085019784)
KCH,Kuching Int'l,6,mid,POINT(12283197.11408071 165573.82391521157)
KGL,Kigali Int'l,6,mid,POINT(3354599.1425852366 -218635.81727042914)
KRK,Kraków-Balice,6,major,POINT(2204234.7085141954 6458799.948884591)
KUF,Kurumoch,6,major,POINT(5582368.062474931 7077594.627804628)
KWL,Guilin Liangjiang Int'l,6,major,POINT(12250364.147553366 2902496.320094184)
LAO,Laoag Int'l,6,mid,POINT(13417769.721492335 2058911.3483071644)
LGA,LaGuardia,6,major,POINT(-8223391.845423915 4979145.077158573)
LGW,London Gatwick,6,major,POINT(-18140.806687841443 6648891.672311942)
LJU,Ljubljana,6,major,POINT(1609102.3812974975 5817371.431276469)
LKO,Amausi Int'l,6,mid,POINT(9003984.837297449 3094009.1124208826)
LPG,La Plata,6,mid,POINT(-6444884.450607653 -4159199.717766613)
MAM,Gen. Sevando Canales,6,mid,POINT(-10857081.409642603 2970726.2244444657)
MAN,Manchester Int'l,6,major,POINT(-253070.56785998048 7050332.194180284)
MCI,Kansas City Int'l,6,major,POINT(-10543727.412002195 4764432.868334554)
MCT,Seeb Int'l,6,major,POINT(6488866.604611139 2703353.1666357466)
MIR,Habib Bourguiba Int'l,6,mid,POINT(1197059.4706727997 4267745.255641953)
MRS,Marseille Provence Airport,6,major,POINT(581241.2712448809 5379348.463539454)
NLD,Quetzalcoatl Int'l,6,mid,POINT(-11083859.971345954 3179767.747258902)
NNG,Nanning Wuwu Int'l,6,major,POINT(12041208.046387773 2585168.021510625)
OAX,Xoxocotlán Int'l,6,mid,POINT(-10767021.072484456 1920890.1412714333)
OGG,Kahului,6,mid,POINT(-17414535.00200481 2379158.9225228424)
OKC,Will Rogers,6,major,POINT(-10864350.131798934 4217728.367585358)
ORF,Norfolk Int'l,6,major,POINT(-8483037.583616761 4424932.157094424)
PBI,Palm Beach Int'l,6,major,POINT(-8915599.094680732 3084600.285946331)
PBM,Pengel Int'l,6,mid,POINT(-6144826.027689607 608279.097201853)
PEE,Bolshesavino,6,mid,POINT(6236068.92505864 7950482.8029074315)
PEN,Penang Int'l,6,mid,POINT(11161536.283915056 590015.50060982)
PHC,Port Harcourt Int'l,6,mid,POINT(773659.0426649383 558087.8629605463)
PHE,Port Hedland Int'l,6,mid,POINT(13206031.324724847 -2317879.5075577046)
PIR,Pierre Regional,6,mid,POINT(-11164525.835715491 5524461.520754504)
PIT,Greater Pittsburgh Int'l,6,major,POINT(-8934071.419685839 4938291.210183067)
PPG,Pago Pago Int'l,6,mid,POINT(-19003718.41285743 -1611996.4852122897)
BHX,Birmingham Int'l,6,major,POINT(-192998.1304997863 6882435.083284423)
ROB,Roberts Int'l,6,mid,POINT(-1152500.1711332249 696216.3320630078)
RPR,Raipur,6,mid,POINT(9099297.210737927 2414069.4006553018)
SAL,El Salvador Int'l,6,mid,POINT(-9913802.55280452 1510589.7948265967)
SAN,San Diego Int'l,6,major,POINT(-13046367.24962344 3859820.2444341164)
SAT,San Antonio Int'l,6,major,POINT(-10961849.557716547 3442845.280307546)
SAV,Savannah Int'l,6,major,POINT(-9040251.926102847 3781128.8879454345)
SCU,Antonio Maceo,6,mid,POINT(-8442457.687705172 2269765.034226519)
SLP,Ponciano Arriaga Int'l,6,mid,POINT(-11236197.312973397 2542254.4548414224)
SMF,Sacramento Int'l,6,major,POINT(-13535102.5444142 4677751.995727176)
STI,Cibao Int'l,6,mid,POINT(-7869639.932903658 2209868.2184448238)
SVX,Koltsovo,6,major,POINT(6768871.065442893 7705587.7723963475)
SYR,Syracuse Hancock Int'l,6,major,POINT(-8472869.196888562 5332052.351045366)
TBZ,Tabriz,6,mid,POINT(5147937.944627146 4597963.95987773)
TRC,Torreon Int'l,6,mid,POINT(-11510300.409719147 2945083.230322099)
TUL,Tulsa Int'l,6,major,POINT(-10674412.866695007 4326814.267148107)
TYS,Mcghee Tyson,6,major,POINT(-9349717.11130138 4273924.972021594)
UFA,Ufa Int'l,6,major,POINT(6220987.0330724865 7277920.512101227)
UVF,Hewanorra Int'l,6,mid,POINT(-6784920.044200947 1544005.8226310255)
WDH,Windhoek Hosea Kutako Int'l,6,mid,POINT(1943997.4151090814 -2570091.085152095)
YAM,Sault Ste Marie,6,mid,POINT(-9406564.76559836 5858481.891514792)
YDQ,Dawson Cr.,6,mid,POINT(-13378999.305004613 7506713.833720897)
YEG,Edmonton Int'l,6,major,POINT(-12644167.874282043 7040025.029325383)
YHZ,Halifax Int'l,6,major,POINT(-7070453.58940109 5603678.038233298)
YKA,Kamloops,6,mid,POINT(-13407512.584182765 6569310.967237297)
YSB,Sudbury,6,mid,POINT(-8994144.506948028 5880713.333772309)
YSJ,Saint John,6,mid,POINT(-7334903.294303742 5673501.878975562)
YXS,Prince George,6,mid,POINT(-13656008.854867056 7148264.7668254785)
YYJ,Victoria Int'l,6,major,POINT(-13740234.272035994 6214085.427919952)
ZAM,Zamboanga Int'l,6,mid,POINT(13587927.81103305 772183.3765967496)
ZGC,Lanzhou Zhongchuan,6,mid,POINT(11534415.276547482 4370732.390306705)
ALB,Albany Int'l,6,mid,POINT(-8216419.467543748 5273338.785275772)
MKE,General Mitchell Int'l,6,major,POINT(-9785217.637839831 5304048.077202676)
SYX,Sanya Phoenix Int'l,6,major,POINT(12179269.508735549 2073759.6077127168)
LXA,Lhasa Gonggar,6,mid,POINT(10119004.165502802 3413080.0215534503)
HTN,Hotan,6,mid,POINT(8891343.82250943 4444688.808475181)
DRS,Dresden,6,major,POINT(1532309.1332567444 6643450.815136505)
QNJ,Annemasse,6,mid,POINT(697406.6860926346 5811770.492153249)
NOG,Nogales Int'l,6,mid,POINT(-12353426.827246323 3662074.208101043)
SXB,Strasbourg,6,mid,POINT(849127.4836056725 6197956.03352781)
CGN,Cologne/Bonn,6,major,POINT(792857.4612004214 6599787.453002975)
PUS,Kimhae Int'l,6,major,POINT(14354514.907917595 4187046.214216792)
CJU,Jeju Int'l,6,major,POINT(14080983.774638996 3965160.3238162454)
SVG,Stavanger Sola,6,major,POINT(626707.6191673423 8154959.856244158)
TRD,Trondheim Vaernes,6,major,POINT(1215253.6773149248 9216940.83464713)
CMG,Corumbá Int'l,6,mid,POINT(-6419083.467902136 -2156603.837024819)
FNC,Madeira,6,mid,POINT(-1867455.4190140315 3854673.5716768354)
IGU,Foz do Iguaçu Int'l,6,mid,POINT(-6065642.345935367 -2949337.010288327)
PVH,Gov. Jorge Teixeira de Oliveira Int'l,6,mid,POINT(-7113144.308019985 -973847.2772337806)
BIO,Bilbao,6,mid,POINT(-323504.4720013238 5358524.47907067)
PMI,Palma de Mallorca,6,major,POINT(303899.60521291156 4803041.199542769)
TFN,Tenerife N.,6,major,POINT(-1819663.7480067087 3310586.338264019)
GOT,Gothenburg,6,major,POINT(1368542.5514391668 7901590.990691348)
LLA,Lulea,6,major,POINT(2462724.114293375 9754498.931349153)
AUH,Abu Dhabi Int'l,6,major,POINT(6083201.553908446 2805554.6889186236)
CZL,Mohamed Boudiaf Int'l,6,mid,POINT(737151.7293399558 4339692.82560165)
ASW,Aswan Int'l,6,mid,POINT(3653999.6398335784 2749542.9443677575)
RVN,Rovaniemi,6,mid,POINT(2875320.2169282665 10031697.623810166)
GEO,Cheddi Jagan Int'l,6,mid,POINT(-6484818.885129661 724971.6536276314)
COK,Cochin Int'l,6,major,POINT(8503753.771157987 1136428.3072449402)
EDL,Eldoret Int'l,6,mid,POINT(3921083.575946768 45092.72602596125)
ICN,Incheon Int'l,6,major,POINT(14076447.124545597 4501907.048961273)
CUL,Federal de Bachigualato Int'l,6,mid,POINT(-11963490.513047652 2847128.8221669463)
BRU,Brussels,5,major,POINT(499227.8772678698 6603146.459346397)
ABV,Abuja Int'l,5,major,POINT(809321.6344269889 1006514.3393965173)
ACV,Arcata-Eureka,5,mid,POINT(-13815535.337549312 5008201.421188738)
AUS,Austin-Bergstrom Int'l,5,major,POINT(-10872222.536025645 3529555.5113469767)
AYT,Antalya,5,major,POINT(3428924.4754565703 4427310.511050465)
BFS,Belfast Int'l,5,major,POINT(-691980.8164504651 7296456.465229552)
BGY,Orio Al Serio,5,major,POINT(1079678.5789416616 5726906.131400019)
BKI,Kota Kinabalu Int'l,5,mid,POINT(12918748.008068882 660511.0352292418)
BLR,Bengaluru Int'l,5,major,POINT(8650588.425101113 1482660.900483537)
CBR,Canberra Int'l,5,major,POINT(16607839.494337387 -4205705.194211562)
CMH,Port Columbus Int'l,5,major,POINT(-9226608.086035373 4865668.824096434)
CMN,Mohamed V Int'l,5,major,POINT(-843963.8203070451 3945149.052797037)
DUS,Düsseldorf Int'l,5,major,POINT(753070.173213446 6670649.207078674)
ESB,Esenboğa Int'l,5,major,POINT(3672765.081531403 4882686.472655303)
HLZ,Hamilton Int'l,5,mid,POINT(19518338.88750571 -4560490.963686959)
HYD,Rajiv Gandhi Int'l,5,major,POINT(8730736.025647417 1948312.2526838314)
JFK,John F Kennedy Int'l,5,major,POINT(-8213856.333664716 4960260.200711149)
KBP,Boryspil Int'l,5,major,POINT(3439233.719799671 6505524.780690998)
KRT,Khartoum,5,major,POINT(3623466.4902241807 1757547.5872633066)
MSN,Dane Cty. Reg. (Truax Field),5,major,POINT(-9945927.267286837 5332742.418426139)
MSQ,Minsk Int'l,5,major,POINT(3120752.126812064 7149233.820337807)
PMO,Palermo,5,major,POINT(1458901.0362557853 4605782.259097994)
PVD,T.F. Green,5,mid,POINT(-7952195.115392729 5120023.826151223)
RSW,Southwest Florida Int'l,5,major,POINT(-9100938.677789772 3064615.4819997395)
SHE,Shenyang Taoxian Int'l,5,major,POINT(13746618.432678014 5106428.650843387)
SHJ,Sharjah Int'l,5,major,POINT(6180514.589518913 2915248.2277230374)
SJC,San Jose Int'l,5,major,POINT(-13573121.947161395 4490734.915231283)
SNA,John Wayne,5,major,POINT(-13120280.96415105 3985845.5583448987)
STR,Stuttgart,5,major,POINT(1023465.9536564335 6222441.373772455)
SYQ,Nacional Tobías Bolaños,5,mid,POINT(-9366267.131882029 1114174.215609692)
SZX,Shenzhen Bao'an Int'l,5,major,POINT(12669922.772452988 2589325.3338162964)
SDF,Louisville Int'l,5,major,POINT(-9544722.690962108 4605737.732605023)
GVA,Geneva,5,major,POINT(679933.413380882 5817446.253277886)
LYS,Lyon-Saint Exupery,5,mid,POINT(565051.5367897527 5735754.425198433)
KIX,Kansai Int'l,5,major,POINT(15055344.3944834 4087334.751755599)
LIS,Lisbon Portela,5,major,POINT(-1016424.252233458 4688888.236573916)
CNF,Tancredo Neves Int'l,5,major,POINT(-4894003.508365724 -2229579.2920284085)
BMA,Bromma,5,mid,POINT(1997697.0065920444 8257643.750388128)
SUB,Juanda Int'l,5,major,POINT(12554282.06428334 -824220.7126577058)
MDQ,Astor Piazzolla Int'l,5,mid,POINT(-6409956.071233664 -4569995.781535456)
GCM,Owen Roberts Int'l,5,major,POINT(-9056694.465125477 2189805.779300135)
CGO,Zhengzhou Xinzheng Int'l,5,major,POINT(12672814.691606456 4099692.461673756)
DLC,Dalian Zhoushuizi Int'l,5,major,POINT(13529649.993568424 4716168.331747865)
HER,Heraklion Int'l,5,major,POINT(2802363.0755655468 4209759.612251141)
TBS,Tbilisi Int'l,5,major,POINT(5005438.002564791 5111591.3559101885)
XXC,Cascais,5,mid,POINT(-1041347.3496455223 4682147.39413741)
KHH,Kaohsiung Int'l,4,major,POINT(13396761.523445146 2580305.254992591)
SKO,Sadiq Abubakar III,4,mid,POINT(578886.5281774073 1450306.3955330413)
UIO,Mariscal Sucre Int'l,4,mid,POINT(-8737466.003542578 -16202.837421707412)
KHI,Karachi Civil,4,mid,POINT(7475340.734641231 2863285.7669967795)
KIV,Kishinev S.E.,4,mid,POINT(3221146.21311236 5931334.246820844)
LIM,Jorge Chávez,4,major,POINT(-8583574.949268589 -1348407.577723065)
YQT,Thunder Bay Int'l,4,mid,POINT(-9942182.182879409 6168947.109715085)
VNO,Vilnius,4,major,POINT(2814236.4820729117 7292896.273539033)
XIY,Hsien Yang,4,major,POINT(12106641.539417576 4088434.13068678)
NTR,Del Norte Int'l,4,mid,POINT(-11158486.998785185 2981736.0350810615)
TBU,Fua'amotu Int'l,4,mid,POINT(-19496009.707956623 -2421547.4825201)
IFN,Esfahan Int'l,4,mid,POINT(5774853.506151178 3861648.6978803067)
HRE,Harare Int'l,4,mid,POINT(3462192.0109579186 -2028514.3953444536)
KWI,Kuwait Int'l,4,major,POINT(5340161.011103197 3406187.448098151)
YOW,Macdonald-Cartier Int'l,4,major,POINT(-8422977.402770454 5672061.751251567)
KBL,Kabul Int'l,4,mid,POINT(7704430.153932341 4104705.8192228535)
ABJ,Abidjan Port Bouet,4,mid,POINT(-437732.64923689933 585738.5549131387)
ACA,General Juan N Alvarez Int'l,4,major,POINT(-11104621.097451538 1893134.144431517)
ACC,Kotoka Int'l,4,major,POINT(-19080.478612675117 625164.9555515812)
ADD,Bole Int'l,4,mid,POINT(4318438.20565262 1003961.98704289)
ADE,Aden Int'l,4,mid,POINT(5012783.684754567 1440065.6190378706)
ADL,Adelaide Int'l,4,mid,POINT(15421322.992793165 -4155809.950948155)
ALA,Almaty Int'l,4,major,POINT(8572941.731988944 5364861.409593734)
ALG,Houari Boumediene,4,major,POINT(357566.3903251246 4397333.961514649)
ALP,Aleppo Int'l,4,major,POINT(4144128.6888790904 4326055.140346658)
AMD,Sardar Vallabhbhai Patel Int'l,4,mid,POINT(8084121.61879358 2640576.3496694164)
ANF,Cerro Moreno Int'l,4,mid,POINT(-7841455.23250036 -2686403.1434665117)
ASB,Ashkhabad Northwest,4,mid,POINT(6497046.966982166 4577286.332697623)
ASM,Yohannes Iv Int'l,4,mid,POINT(4331035.517420361 1723061.729802367)
ASU,Silvio Pettirossi Int'l,4,mid,POINT(-6402418.9325783895 -2905456.3343431936)
BDA,Bermuda Int'l,4,mid,POINT(-7202679.862234498 3810550.6844580285)
BEG,Surcin,4,major,POINT(2258815.4686191813 5593083.638402032)
BEY,Beirut Int'l,4,major,POINT(3951072.18915956 4005386.9057885306)
BHO,Bairagarh,4,mid,POINT(8609546.429699581 2666590.0416751173)
BKO,Bamako Sénou,4,mid,POINT(-884686.3022593991 1407150.750920686)
BNA,Nashville Int'l,4,major,POINT(-9647980.866827387 4318728.98384897)
BNE,Brisbane Int'l,4,major,POINT(17045268.97468119 -3171705.026698056)
BOI,Boise Air Terminal,4,major,POINT(-12937756.167030284 5398978.142473312)
BRW,Wiley Post Will Rogers Mem.,4,mid,POINT(-17451760.842927106 11501923.229607187)
BUF,Greater Buffalo Int'l,4,major,POINT(-8764405.765343236 5301936.494910232)
BUQ,Bulawayo,4,mid,POINT(3186247.9186200458 -2274875.31003813)
BWN,Brunei Int'l,4,major,POINT(12794296.285614245 551212.6610358991)
CAN,Guangzhou Baiyun Int'l,4,major,POINT(12612221.85073016 2679148.220264759)
CCP,Carriel Sur Int'l,4,mid,POINT(-8133236.455642944 -4407981.701992263)
CCU,Netaji Subhash Chandra Bose Int'l,4,major,POINT(9845095.878525952 2589190.441204464)
CGP,Chittagong,4,mid,POINT(10220766.844263365 2541033.9946976844)
CHC,Christchurch Int'l,4,major,POINT(19206917.506066456 -5386632.063747829)
CKY,Conakry,4,mid,POINT(-1516290.089455364 1070787.8551788528)
CLE,Hopkins Int'l,4,major,POINT(-9110213.535620524 5073182.834634756)
CLO,Alfonso Bonilla Aragón Int'l,4,mid,POINT(-8503147.260560917 394688.4893136592)
COO,Cotonou Cadjehon,4,mid,POINT(265363.4102164551 709253.9879953585)
COR,Ingeniero Ambrosio L.V. Taravella Int'l,4,mid,POINT(-7148082.293848249 -3673814.5723595982)
CTG,Rafael Nunez,4,mid,POINT(-8405994.675909493 1169219.3223426025)
CUN,Cancún,4,major,POINT(-9670815.8913069 2396672.2574249594)
CUU,General R F Villalobos Int'l,4,mid,POINT(-11796437.906151637 3338025.3503014464)
DAC,Zia Int'l Dhaka,4,mid,POINT(10063830.122687222 2734912.287256658)
DUR,Louis Botha,4,mid,POINT(3444860.4784031203 -3499169.190276895)
FBM,Lubumbashi Luano Int'l,4,mid,POINT(3064536.525946187 -1299173.7321592586)
FEZ,Saiss,4,mid,POINT(-554609.9977210398 4019477.066397836)
FIH,Kinshasa N Djili Int'l,4,mid,POINT(1719498.3187440601 -489078.6235351551)
FNA,Freetown Lungi,4,mid,POINT(-1469442.8461813862 962699.2713895586)
FNJ,Sunan,4,mid,POINT(13990112.802587004 4750385.930860793)
FRU,Vasilyevka,4,major,POINT(8289828.933824627 5320416.129324652)
GBE,Sir Seretse Khama Int'l,4,mid,POINT(2885888.8727273894 -2821560.5498353736)
GDL,Don Miguel Hidalgo Int'l,4,major,POINT(-11499388.694471747 2335291.916174427)
GLA,Glasgow Int'l,4,major,POINT(-493332.13497472147 7531425.677465869)
GUA,La Aurora,4,mid,POINT(-10077773.662741432 1641782.3913222759)
GYE,Simon Bolivar Int'l,4,mid,POINT(-8892981.234559957 -240321.9210915182)
HAN,Noi Bai,4,major,POINT(11778020.624519257 2417481.0019598627)
HAV,José Martí Int'l,4,major,POINT(-9173552.10200181 2631698.5715378257)
HBE,Borg El Arab Int'l,4,mid,POINT(3305372.4611101435 3622152.6313410117)
JED,King Abdul Aziz Int'l,4,major,POINT(4358213.688462168 2472032.7516484386)
KAN,Kano Mallam Aminu Int'l,4,mid,POINT(948679.9717885901 1350910.618957436)
KHG,Kashi,4,mid,POINT(8461730.10186632 4799026.553333653)
KIN,Norman Manley Int'l,4,major,POINT(-8546964.648042452 2030243.1181430449)
KTM,Tribhuvan Int'l,4,mid,POINT(9501913.308235684 3211238.4485011543)
LAD,Luanda 4 de Fevereiro,4,mid,POINT(1473290.7236730263 -988928.4553551358)
LED,Pulkovo 2,4,major,POINT(3373770.677315162 8356540.564011781)
LHE,Allama Iqbal Int'l,4,mid,POINT(8283381.384422085 3700549.0056644054)
LLW,Kamuzu Int'l,4,mid,POINT(3760682.8136171373 -1549976.8890777947)
LOS,Lagos Murtala Muhammed,4,major,POINT(369705.8718163213 733902.6348314694)
LPB,El Alto Int'l,4,mid,POINT(-7589540.858655074 -1863845.88440594)
LUN,Lusaka Int'l,4,mid,POINT(3166543.5091625582 -1726897.713806871)
LXR,Luxor,4,mid,POINT(3640514.3787480188 2958640.933926492)
MAA,Chennai Int'l,4,major,POINT(8923790.721397618 1457736.4547069867)
MAR,La Chinita Int'l,4,mid,POINT(-7984253.421644532 1181766.0034481264)
MDE,José María Córdova,4,mid,POINT(-8396490.305061044 688284.7554102064)
MEM,Memphis Int'l,4,major,POINT(-10016709.013641983 4169917.9414620516)
MGA,Augusto Cesar Sandino Int'l,4,mid,POINT(-9592543.525229517 1362173.336649747)
MHD,Mashhad,4,major,POINT(6639338.705659545 4331977.286739136)
MIA,Miami Int'l,4,major,POINT(-8936614.265272027 2973705.5605749027)
MID,Lic M Crecencio Rejon Int'l,4,mid,POINT(-9981242.127203269 2383993.8907446656)
MLA,Luqa,4,major,POINT(1613605.4581007103 4279854.343021202)
MBA,Moi Int'l,4,major,POINT(4408548.300038625 -449283.9321265271)
MSU,Moshoeshoe I Int'l,4,mid,POINT(3067877.8954956117 -3433759.170427422)
MSY,New Orleans Int'l,4,major,POINT(-10047329.210982308 3501636.5492488067)
MVD,Carrasco Int'l,4,major,POINT(-6236856.606664128 -4142301.2089914605)
MZT,General Rafael Buelna Int'l,4,mid,POINT(-11829924.136495678 2652178.0890191356)
NAS,Nassau Int'l,4,major,POINT(-8623347.347921519 2881726.410002533)
NDJ,Ndjamena,4,mid,POINT(1673470.874236594 1360454.4521161444)
NIM,Niamey,4,mid,POINT(242376.6744629448 1514253.6866089322)
CEB,Mactan-Cebu Int'l,4,major,POINT(13801294.122495249 1154613.0887848875)
NOV,Nova Lisboa,4,mid,POINT(1753255.46880754 -1437182.0224418598)
OMA,Eppley Airfield,4,mid,POINT(-10675474.133706558 5056650.0074564)
OME,Nome,4,mid,POINT(-18416879.31141433 9479752.238161596)
OUA,Ouagadougou,4,mid,POINT(-168516.04201913223 1385974.7608973612)
PAP,Mais Gate Int'l,4,mid,POINT(-8047784.48102509 2105042.584124078)
PBC,Puebla,4,mid,POINT(-10951139.486271285 2174229.474607877)
PDX,Portland Int'l,4,major,POINT(-13646961.267213944 5714722.187812213)
PER,Perth Int'l,4,major,POINT(12910191.665713944 -3755585.4761783686)
PLZ,H F Verwoerd,4,mid,POINT(2851090.0581930364 -4026665.5988787916)
PMC,El Tepual Int'l,4,mid,POINT(-8137274.89956818 -5076477.117562315)
PNH,Pochentong,4,major,POINT(11671295.08602542 1294838.2054215844)
POM,Port Moresby Int'l,4,major,POINT(16387481.484328216 -1055490.819211655)
PTY,Tocumen Int'l,4,major,POINT(-8837335.423871214 1013558.7581657403)
PUQ,Carlos Ibáñez de Campo Int'l,4,mid,POINT(-7886220.465965787 -6983935.755957038)
RDU,Durham Int'l,4,major,POINT(-8771016.456421759 4283467.088130306)
RGN,Mingaladon,4,major,POINT(10701609.591973055 1909321.845834955)
RIX,Riga,4,major,POINT(2669372.2722532493 7744193.62308274)
SAH,Sanaa Int'l,4,mid,POINT(4923065.16120369 1743876.971600611)
SDA,Baghdad Int'l,4,major,POINT(4923540.021769185 3930952.448150425)
SDQ,De Las Américas Int'l,4,major,POINT(-7756349.458504393 2087967.005676945)
SGN,Tan Son Nhat,4,major,POINT(11873809.566306261 1211281.1826867384)
SKG,Thessaloniki,4,major,POINT(2557725.0846379087 4942364.782177572)
SOF,Vrazhdebna,4,major,POINT(2605149.055067963 5264781.530419111)
STV,Surat,4,major,POINT(8097651.205896711 2406246.8115825886)
SUV,Nausori Int'l,4,mid,POINT(19877213.660566133 -2042921.722827706)
SYZ,Shiraz Int'l,4,major,POINT(5854266.559214414 3445299.4359969352)
TAM,Gen Francisco J Mina Int'l,4,mid,POINT(-10894817.831443883 2546298.6230297326)
TGU,Toncontin Int'l,4,mid,POINT(-9709198.226587674 1581099.3950811415)
THR,Mehrabad Int'l,4,major,POINT(5713006.099195896 4258237.6324800905)
TIA,Tirane Rinas,4,major,POINT(2194667.3682943927 5074616.749494774)
TIJ,General Abelardo L Rodriguez Int'l,4,major,POINT(-13021650.434262715 3835203.5362474006)
TLC,Jose Maria Morelos Y Pavon,4,mid,POINT(-11084153.994323695 2194851.812577192)
TLL,Ulemiste,4,major,POINT(2760608.141526787 8270958.623677219)
TLV,Ben Gurion,4,major,POINT(3881805.256411502 3763408.663236236)
TMS,São Tomé Salazar,4,mid,POINT(747267.9190398284 41716.632476319064)
TNR,Antananarivo Ivato,4,mid,POINT(5284932.232617036 -2131325.033802293)
TPA,Tampa Int'l,4,major,POINT(-9187734.608451089 3246457.5340377474)
VLN,Zim Valencia,4,mid,POINT(-7561082.719277231 1136302.428570875)
VOG,Gumrak,4,mid,POINT(4937550.184505996 6239586.890587481)
VTE,Vientiane,4,mid,POINT(11417844.047511633 2034676.3332973232)
VVI,Viru Viru Int'l,4,mid,POINT(-7028755.9321344495 -1996382.161586104)
WLG,Wellington Int'l,4,major,POINT(19459945.56238444 -5060989.272103053)
YPR,Prince Rupert,4,mid,POINT(-14521136.321069665 7225652.708574609)
YQG,Windsor,4,mid,POINT(-9235074.723264633 5200890.330909885)
YQR,Regina,4,mid,POINT(-11650189.618887361 6521642.58581496)
YVR,Vancouver Int'l,4,major,POINT(-13712431.390338305 6307768.359333472)
YWG,Winnipeg Int'l,4,major,POINT(-10823234.470095292 6429551.143631333)
YXE,John G Diefenbaker Int'l,4,mid,POINT(-11876696.72926981 6830948.321270529)
YXY,Whitehorse Int'l,4,mid,POINT(-15036614.925437473 8560481.626639808)
YYC,Calgary Int'l,4,major,POINT(-12691597.53994198 6644473.5798023585)
YYG,Charlottetown,4,mid,POINT(-7027736.836872493 5826269.873133451)
YYQ,Churchill,4,mid,POINT(-10473089.528120976 8126488.101793833)
YYT,St John's Int'l,4,mid,POINT(-5871361.054995282 6042731.093369723)
YZF,Yellowknife,4,mid,POINT(-12739162.781496543 8971635.068532733)
ZAG,Zagreb,4,major,POINT(1787959.5376854797 5737717.133504335)
ZNZ,Zanzibar,4,mid,POINT(4366210.024200951 -693611.1847225152)
REK,Reykjavik Air Terminal,4,mid,POINT(-2443088.1663828716 9383331.11811138)
ARH,Arkhangelsk-Talagi,4,mid,POINT(4532189.008602291 9502944.831155792)
KZN,Kazan Int'l,4,major,POINT(5487877.883761077 7480783.907934758)
ORY,Paris Orly,4,major,POINT(263535.4390255202 6229391.517204392)
YQB,Québec,4,major,POINT(-7946422.523706657 5908118.849419109)
YUL,Montréal-Trudeau,4,major,POINT(-8209736.33297653 5693970.45509647)
NRT,Narita Int'l,4,major,POINT(15627520.11358417 4268204.230262293)
NGO,Chubu Centrair Int'l,4,major,POINT(15230150.672647433 4144740.3065854395)
OKD,Okadama,4,mid,POINT(15738583.429385802 5328829.038063646)
BGO,Bergen Flesland,4,major,POINT(581895.1550787452 8464377.255090103)
TOS,Tromsø Langnes,4,major,POINT(2104746.825914806 10965250.808064152)
BEL,Val de Caes Int'l,4,mid,POINT(-5396719.96529551 -154721.0211878832)
CGR,Campo Grande Int'l,4,mid,POINT(-6085719.662636482 -2327280.4482070403)
CWB,Afonso Pena Int'l,4,mid,POINT(-5473992.287078164 -2941725.146308365)
FOR,Pinto Martins Int'l,4,mid,POINT(-4290336.3586437125 -420936.50489259965)
GRU,São Paulo-Guarulhos Int'l,4,major,POINT(-5174325.1429146975 -2683632.0960700875)
GYN,Santa Genoveva,4,mid,POINT(-5479885.220794013 -1878071.977261713)
POA,Salgado Filho Int'l,4,mid,POINT(-5697002.13872884 -3502289.309565192)
REC,Gilberto Freyre Int'l,4,mid,POINT(-3887083.6703741536 -908262.6386146299)
SSA,Deputado Luis Eduardo Magalhaes Int'l,4,mid,POINT(-4267410.303359899 -1449949.9581741774)
MDZ,El Plumerillo,4,mid,POINT(-7658612.188356534 -3872469.558067387)
MAO,Eduardo Gomes Int'l,4,mid,POINT(-6684297.334286057 -337693.8319007795)
NSI,Yaoundé Nsimalen Int'l,4,mid,POINT(1285516.8273129629 413824.7139555897)
PVG,Shanghai Pudong Int'l,4,major,POINT(13558883.0462749 3652545.2074926775)
ADJ,Marka Int'l,4,mid,POINT(4005732.2715503518 3759924.3739497215)
MLE,Male Int'l,4,major,POINT(8185031.645738038 466699.95605840435)
VER,Gen. Heriberto Jara Int'l,4,mid,POINT(-10707106.058942689 2171711.1956018056)
OXB,Osvaldo Vieira Int'l,4,mid,POINT(-1742282.0070356948 1333069.743587473)
DVO,Francisco Bangoy Int'l,4,major,POINT(13986744.835649133 795824.7667777662)
SEZ,Seychelles Int'l,4,mid,POINT(6179517.693399666 -520557.99872006755)
DKR,Léopold Sedar Senghor Int'l,4,major,POINT(-1947023.3020539244 1659902.3057268695)
PZU,Port Sudan New Int'l,4,mid,POINT(4145398.4204000095 2206112.046227745)
TAS,Tashkent Int'l,4,major,POINT(7710724.168742622 5051098.386031781)
CPH,Copenhagen,3,major,POINT(1408119.2975413958 7484813.53657096)
BBU,Aeroportul National Bucuresti-Baneasa,3,mid,POINT(2903849.641648274 5542685.465268317)
BUD,Ferihegy,3,major,POINT(2144261.6538210036 6013084.452825525)
CKG,Chongqing Jiangbei Int'l,3,major,POINT(11870890.052742634 3468127.1353697367)
CLT,Douglas Int'l,3,major,POINT(-9010636.818187172 4193876.9457937614)
DTW,Detroit Metro,3,major,POINT(-9278245.06384242 5194851.4716006685)
DUB,Dublin,3,major,POINT(-695066.0887943477 7062376.814087123)
FAI,Fairbanks Int'l,3,major,POINT(-16460336.780947097 9560620.05078907)
HAM,Hamburg,3,major,POINT(1113823.6215953932 7100767.499507231)
KUL,Kuala Lumpur Int'l,3,major,POINT(11322738.032386623 305969.0287561493)
LAS,Mccarran Int'l,3,major,POINT(-12818586.746428112 4312318.07591977)
MCO,Orlando Int'l,3,major,POINT(-9051095.174284099 3303441.5793951172)
MSP,Minneapolis St. Paul Int'l,3,major,POINT(-10375878.27120046 5602968.032960929)
MUC,Franz-Josef-Strauss,3,major,POINT(1312241.1393453805 6165923.947863139)
PHL,Philadelphia Int'l,3,major,POINT(-8376010.861425873 4847951.919079063)
PHX,Sky Harbor Int'l,3,major,POINT(-12469300.843246758 3953301.1263070833)
SLC,Salt Lake City Int'l,3,major,POINT(-12465777.534860881 4980934.952813189)
STL,Lambert St Louis Int'l,3,major,POINT(-10059492.043891825 4684884.61245935)
WAW,Okecie Int'l,3,major,POINT(2334673.2165327673 6831108.554968304)
ZRH,Zurich Int'l,3,major,POINT(953141.1684417519 6016230.716705278)
CRL,Gosselies,3,mid,POINT(495858.6042741584 6525822.268641248)
MUCf,Munich Freight Terminal,3,major,POINT(1310172.8388047176 6165247.042460089)
BCN,Barcelona,3,major,POINT(231322.27476789098 5057160.357546904)
PRG,Ruzyn,3,major,POINT(1588249.1634762501 6464940.042104144)
HKG,Hong Kong Int'l,2,major,POINT(12683188.007765977 2549427.0516792163)
TPE,Taoyuan,2,major,POINT(13495414.427034626 2885173.4874935)
AMS,Schiphol,2,major,POINT(530368.0140539851 6856178.306602677)
SIN,Singapore Changi,2,major,POINT(11575714.642650735 150981.23199442241)
LHR,London Heathrow,2,major,POINT(-50445.167757272204 6705034.149615074)
AKL,Auckland Int'l,2,major,POINT(19457725.202241894 -4439992.645248473)
ANC,Anchorage Int'l,2,major,POINT(-16695889.266499205 8665630.66786446)
ATL,Hartsfield-Jackson Atlanta Int'l,2,major,POINT(-9398192.25232862 3980635.393529892)
PEK,Beijing Capital,2,major,POINT(12978536.162716437 4877394.999286327)
BOG,Eldorado Int'l,2,major,POINT(-8253602.394483802 523658.9916146796)
BOM,Chhatrapati Shivaji Int'l,2,major,POINT(8112359.3506964175 2166135.8344901367)
BOS,Gen E L Logan Int'l,2,major,POINT(-7905510.222605432 5216048.369740364)
BWI,Baltimore-Washington Int'l Thurgood Marshall,2,major,POINT(-8534714.280230813 4747400.94881119)
CAI,Cairo Int'l,2,major,POINT(3495403.4025467657 3517953.30796221)
CAS,Casablanca-Anfa,2,mid,POINT(-853065.6155118733 3970245.1886197724)
CCS,Simón Bolivar Int'l,2,mid,POINT(-7459045.837487549 1186476.4148235403)
CPT,Cape Town Int'l,2,major,POINT(2070281.6524537024 -4024834.418162735)
CTU,Chengdushuang Liu,2,major,POINT(11572344.177978337 3578461.952264905)
DEL,Indira Gandhi Int'l,2,major,POINT(8581378.678432528 3319661.314917636)
DEN,Denver Int'l,2,major,POINT(-11652233.819124809 4844090.472465843)
DFW,Dallas-Ft. Worth Int'l,2,major,POINT(-10802484.69436073 3882058.107395093)
DMK,Don Muang Int'l,2,major,POINT(11199027.825192804 1565071.6743661466)
DXB,Dubai Int'l,2,major,POINT(6161987.655757107 2906798.64459153)
EWR,Newark Int'l,2,major,POINT(-8257362.26367059 4966794.150215097)
EZE,Ministro Pistarini Int'l,2,major,POINT(-6516781.661053119 -4138585.256335913)
FLL,Fort Lauderdale Hollywood Int'l,2,major,POINT(-8921729.404289588 3007965.195522777)
IAH,George Bush Intercontinental,2,major,POINT(-10612499.47280319 3501826.345595435)
IST,Atatürk Hava Limani,2,major,POINT(3208177.553946064 5009073.443849705)
JNB,OR Tambo Int'l,2,major,POINT(3142770.591123307 -3015450.744144327)
JNU,Juneau Int'l,2,mid,POINT(-14981774.819715252 8043101.512335137)
LAX,Los Angeles Int'l,2,major,POINT(-13180502.507488059 4021308.4533828353)
LIN,Linate,2,major,POINT(1033041.1227508297 5694294.632713835)
MEL,Melbourne Int'l,2,major,POINT(16124516.709420556 -4532903.928433404)
MEX,Lic Benito Juarez Int'l,2,major,POINT(-11029825.463622067 2206273.099845724)
MNL,Ninoy Aquino Int'l,2,major,POINT(13470117.254215317 1632429.0789827209)
NBO,Jomo Kenyatta Int'l,2,major,POINT(4110482.0770391775 -148127.1963503032)
HNL,Honolulu Int'l,2,major,POINT(-17579549.84908658 2431513.0220979755)
ORD,Chicago O'Hare Int'l,2,major,POINT(-9785554.79848144 5157464.265554985)
RUH,King Khalid Int'l,2,major,POINT(5198823.826006537 2870713.4354381226)
SCL,Arturo Merino Benitez Int'l,2,major,POINT(-7880717.078713118 -3948096.228258569)
SEA,Tacoma Int'l,2,major,POINT(-13614628.614807313 6014780.892744967)
SFO,San Francisco Int'l,2,major,POINT(-13623665.600257758 4525464.67765373)
SHA,Hongqiao,2,major,POINT(13507638.791596299 3657092.0385201345)
SVO,Sheremtyevo,2,major,POINT(4165126.6204954362 7551739.134614029)
YYZ,Toronto-Pearson Int'l,2,major,POINT(-8862302.66056038 5416201.950167791)
SYD,Kingsford Smith,2,major,POINT(16827729.63768122 -4020289.8753952323)
HEL,Helsinki Vantaa,2,major,POINT(2779448.185729562 8471040.888425522)
CDG,Charles de Gaulle Int'l,2,major,POINT(282959.42553019867 6277308.537046448)
TXL,Berlin-Tegel Int'l,2,major,POINT(1479470.4406631375 6901000.847325224)
VIE,Vienna Schwechat Int'l,2,major,POINT(1843536.256921738 6126801.191600173)
FRA,Frankfurt Int'l,2,major,POINT(954210.9569556866 6455056.850128017)
FCO,Leonardo da Vinci Int'l,2,major,POINT(1363674.994060762 5130332.471894705)
ITM,Osaka Int'l,2,major,POINT(15077387.377306195 4135406.3270045333)
GMP,Gimpo Int'l,2,major,POINT(14115577.804574551 4517074.614662222)
OSL,Oslo Gardermoen,2,major,POINT(1235546.524975006 8442962.64811417)
BSB,Juscelino Kubitschek Int'l,2,major,POINT(-5334517.775719667 -1789672.7465510531)
CGH,Congonhas Int'l,2,major,POINT(-5194068.981688568 -2708004.705806188)
GIG,Rio de Janeiro-Antonio Carlos Jobim Int'l,2,major,POINT(-4814387.792751178 -2609340.5039402605)
MAD,Madrid Barajas,2,major,POINT(-397302.229816427 4934204.428034675)
SJU,Luis Muñoz Marin,2,major,POINT(-7347557.271103147 2088888.9944195782)
ARN,Arlanda,2,major,POINT(1996039.722208033 8322469.9470024165)
CGK,Soekarno-Hatta Int'l,2,major,POINT(11872701.938463464 -683313.7212381957)
ATH,Eleftherios Venizelos Int'l,2,major,POINT(2665780.7652553665 4570421.605041616)
