id:keyword,name:keyword,shape:cartesian_shape
FLK, Falkland Is., "BBOX(-6806970.344651548\, -6426830.424971599\, -6665538.61144021\, -6862393.473674134)"
GUF, French Guiana, "BBOX(-6078465.2067807885\, -5749435.182262659\, 641770.3972926841\, 235324.11002137093)"
GUY, Guyana, "BBOX(-6833873.148626795\, -6286282.4434172455\, 953676.0708782381\, 132131.5480264357)"
PCN, Pitcairn Is., "BBOX(-1.448322847021477E7\, -1.428074532961791E7\, -2793163.209148463\, -2885847.742584221)"
SGS, South Georgia & the South Sandwich Is., "BBOX(-4232785.044058981\, -2921178.2834205604\, -7168210.949791082\, -8072797.261021951)"
SHN, St. Helena, "BBOX(-644849.5424266771\, -628429.9175369549\, -1793579.7338931332\, -1807264.3754193506)"
SUR, Suriname, "BBOX(-6464478.676752644\, -6009707.164829022\, 669343.5434865113\, 204444.85915446977)"
TTO, Trinidad & Tobago, "BBOX(-6893080.980145244\, -6737148.644965401\, 1271316.8958092\, 1123450.7268402777)"
VEN, Venezuela, "BBOX(-8168408.718739186\, -6657245.629555437\, 1368193.4618250781\, 72266.15206230174)"
ASM, American Samoa, "BBOX(-1.901595464265674E7\, -1.8986860848464E7\, -1603409.0061145446\, -1617338.5456514952)"
COK, Cook Is., "BBOX(-1.8462153311737206E7\, -1.755550270221884E7\, -1218650.60324631\, -2504423.3700605934)"
PYF, French Polynesia, "BBOX(-1.686465494432737E7\, -1.5452231241588091E7\, -981029.2116948966\, -2022435.6471389162)"
UMI, Jarvis I., "BBOX(-1.781614615792593E7\, -1.7812172052105166E7\, -41668.183668037316\, -44311.636360225275)"
NIU, Niue, "BBOX(-1.8918996368064713E7\, -1.889999624605927E7\, -2150619.798091522\, -2172080.175292089)"
WSM, Samoa, "BBOX(-1.9233784622210693E7\, -1.9083411248441823E7\, -1512399.049561015\, -1580814.199108954)"
TKL, Tokelau, "BBOX(-1.913167025144482E7\, -1.912956030181662E7\, -1025256.50252298\, -1030699.159919998)"
TON, Tonga, "BBOX(-1.9520985902791113E7\, -1.9359219424419094E7\, -2104146.80131666\, -2423871.209298853)"
WLF, Wallis & Futuna, "BBOX(-1.98360504519132E7\, -1.9605804230316367E7\, -1484290.6690231054\, -1611402.1249494848)"
ARG, Argentina, "BBOX(-8191144.166257678\, -5972291.682103194\, -2485194.106818803\, -7371901.253043402)"
BOL, Bolivia, "BBOX(-7754091.711639628\, -6403221.564728467\, -1082644.4605265881\, -2620063.8163838163)"
BRA, Brazil, "BBOX(-8238153.385337716\, -3873129.9144329783\, 587785.5079629741\, -3994093.243498929)"
CHL, Chile, "BBOX(-1.2183485121489162E7\, -7393910.374780716\, -1979723.0325789037\, -7538976.386388264)"
ECU, Ecuador, "BBOX(-1.0203977668829728E7\, -8373100.994630531\, 160069.96058917182\, -557339.7863215066)"
PRY, Paraguay, "BBOX(-6973472.910758704\, -6038403.325800699\, -2189911.7242244524\, -3196717.5348766074)"
PER, Peru, "BBOX(-9056413.424871765\, -7644744.579599449\, -4104.683866786337\, -2078385.864447083)"
URY, Uruguay, "BBOX(-6505356.195641661\, -5910875.717165678\, -3515982.318158614\, -4156248.8527274607)"
UMI, Baker I., "BBOX(-1.964428949334857E7\, -1.9642975923357394E7\, 24776.775336047573\, 23965.139003268785)"
CAN, Canada, "BBOX(-1.5696381156263582E7\, -5857338.166548977\, 1.7926778413967136E7\, 5112502.227274475)"
GTM, Guatemala, "BBOX(-1.0268864798128676E7\, -9820019.490616102\, 2016620.2477192462\, 1545072.9951440636)"
UMI, Howland I., "BBOX(-1.966381793765724E7\, -1.9662483105643325E7\, 90016.93033465231\, 87976.57940884378)"
UMI, Johnston Atoll, "BBOX(-1.8872988022526257E7\, -1.8871317228289172E7\, 1889449.6904405674\, 1888739.592498257)"
MEX, Mexico, "BBOX(-1.3180691242448486E7\, -9655698.786528189\, 3857992.7910224693\, 1637455.8925958527)"
UMI, Midway Is., "BBOX(-1.9747615131493594E7\, -1.974368555346914E7\, 3276930.956339718\, 3272211.297114333)"
BRB, Barbados, "BBOX(-6641259.148804331\, -6615392.506649243\, 1498269.4980028346\, 1465508.5364990495)"
DMA, Dominica, "BBOX(-6845190.333337227\, -6818396.733782433\, 1762138.8493679555\, 1712035.77580254)"
GRD, Grenada, "BBOX(-6877894.997852321\, -6856878.879868893\, 1372710.0161931934\, 1345360.731534649)"
GLP, Guadeloupe, "BBOX(-6879111.38592805\, -6811314.810418132\, 1864198.7087877272\, 1789672.9198651556)"
MTQ, Martinique, "BBOX(-6816263.407061167\, -6770111.459379609\, 1675390.1030315096\, 1620466.564996925)"
LCA, St. Lucia, "BBOX(-6799347.965159521\, -6776915.084016965\, 1586760.2747788534\, 1540902.846138527)"
SPM, St. Pierre & Miquelon, "BBOX(-6278172.373236121\, -6250088.469463722\, 5964272.744483719\, 5900906.394026551)"
VCT, St. Vincent & the Grenadines, "BBOX(-6821674.647507875\, -6803878.668434177\, 1503545.1028787405\, 1474620.605161206)"
ABW, Aruba, "BBOX(-7799006.120542209\, -7778434.278646477\, 1417237.7724451458\, 1392531.3743975367)"
BMU, Bermuda, "BBOX(-7216070.475135298\, -7199789.443011595\, 3813230.825275473\, 3797561.1925476543)"
DOM, Dominican Republic, "BBOX(-8015344.418919742\, -7605673.442087284\, 2264838.2331280783\, 1991268.1942175906)"
HTI, Haiti, "BBOX(-8289716.573465983\, -7973724.065068766\, 2283868.061303094\, 2040215.3097965734)"
JAM, Jamaica, "BBOX(-8724542.638268478\, -8484896.042272912\, 2098797.886578782\, 2002138.6713165536)"
ANT, Netherlands Antilles, "BBOX(-7699258.7361087445\, -7591201.908286172\, 1389429.1415046235\, 1348047.674912462)"
BHS, The Bahamas, "BBOX(-8791890.930189032\, -8097256.305860282\, 3114624.5106054945\, 2381778.6607825435)"
TCA, Turks & Caicos Is., "BBOX(-8018505.892457832\, -7917885.206619215\, 2506456.133236025\, 2443216.1674464582)"
BLZ, Belize, "BBOX(-9931524.217026532\, -9771579.370801603\, 2094970.9791089285\, 1791970.7485571986)"
CYM, Cayman Is., "BBOX(-9061499.6124054\, -9027238.590089742\, 2196677.690165189\, 2186160.351965059)"
COL, Colombia, "BBOX(-9097045.039005652\, -7443984.998678304\, 1412960.1248500098\, -472076.97756910085)"
CRI, Costa Rica, "BBOX(-9563612.298130559\, -9190693.005900422\, 1256252.842749445\, 896349.8334170822)"
CUB, Cuba, "BBOX(-9456916.57372173\, -8252253.557317591\, 2655499.846135876\, 2251949.753820664)"
SLV, El Salvador, "BBOX(-1.0030783799451409E7\, -9762126.342283737\, 1623823.8238794443\, 1477605.2302434247)"
HND, Honduras, "BBOX(-9946451.158864416\, -9254195.76601206\, 1855249.5859095547\, 1458038.3723417278)"
NIC, Nicaragua, "BBOX(-9761586.888031427\, -9254195.76601206\, 1691760.81737009\, 1199200.9443015517)"
PAN, Panama, "BBOX(-9242889.713250706\, -8593679.45241179\, 1075976.1383535631\, 804303.6245583462)"
AIA, Anguilla, "BBOX(-7031805.325801677\, -7010089.898777183\, 2069525.485454939\, 2056805.549131826)"
ATG, Antigua & Barbuda, "BBOX(-6889686.737551939\, -6864733.02654072\, 2005303.4210994085\, 1919628.1877410556)"
VGB, British Virgin Is., "BBOX(-7202202.070335221\, -7160573.590161418\, 2096726.335695059\, 2082531.6290789556)"
MSR, Montserrat, "BBOX(-6928185.136284053\, -6917269.703615838\, 1898992.8327456792\, 1882606.3105989075)"
PRI, Puerto Rico, "BBOX(-7488061.394454311\, -7269287.202979579\, 2098439.2297828426\, 2028446.302847273)"
KNA, St. Kitts & Nevis, "BBOX(-6997852.881114455\, -6971105.813106805\, 1968620.0064461157\, 1945153.7466145495)"
VIR, Virgin Is., "BBOX(-7238383.9104642505\, -7187072.749663104\, 2082975.2861753216\, 1999737.0895242055)"
FRO, Faroe Is., "BBOX(-827490.42907036\, -711300.1539736006\, 8944413.838654397\, 8715539.142798016)"
GRL, Greenland, "BBOX(-8132290.553358883\, -1353381.9599010698\, 1.841838614386466E7\, 8353191.775986784)"
XGK, Guernsey, "BBOX(-297068.19496499473\, -278407.0408089712\, 6361534.846607885\, 6346855.715083607)"
ISL, Iceland, "BBOX(-2731602.192501422\, -1502751.454502109\, 1.0025136653899286E7\, 9196525.03584683)"
IRL, Ireland, "BBOX(-1166041.2756762397\, -669370.2206187705\, 7435966.643781227\, 6700487.126114637)"
XIM, Isle of Man, "BBOX(-532903.6568742928\, -479640.2861633771\, 7249411.799394163\, 7180682.877256964)"
SJM, Jan Mayen, "BBOX(-1015223.6258196725\, -882597.5845070281\, 1.1464383304063711E7\, 1.1335539300648466E7)"
XJE, Jersey, "BBOX(-250175.41607230977\, -224308.77391722222\, 6319282.822387621\, 6303377.056271344)"
GBR, United Kingdom, "BBOX(-909665.4752870986\, 194747.32654372943\, 8589937.148187652\, 6438533.511709376)"
CPV, Cape Verde, "BBOX(-2823124.068441826\, -2523179.7117936057\, 1943228.8819694468\, 1667440.6983404886)"
CIV, Cote d'Ivoire, "BBOX(-958058.0616790326\, -276938.62540612154\, 1202097.1729137793\, 484115.97315150854)"
GHA, Ghana, "BBOX(-361664.8917125052\, 133893.0797566771\, 1249767.3181259448\, 526814.3511759888)"
GIB, Gibraltar, "BBOX(-596246.4508776823\, -593834.8254294725\, 4323115.767768943\, 4316053.421468498)"
LBR, Liberia, "BBOX(-1279319.9894917065\, -820246.5358469777\, 951144.4190395237\, 483992.16413836647)"
MAR, Morocco, "BBOX(-1466630.283495554\, -112634.06264437255\, 4289504.155676036\, 3206707.2043454945)"
PRT, Portugal, "BBOX(-3483078.5525721395\, -689118.2982827483\, 5183576.317394064\, 3847286.4078652565)"
ESP, Spain, "BBOX(-2022660.0079814764\, 480560.1191156738\, 5429039.221465501\, 3203347.2301618545)"
ESH, Western Sahara, "BBOX(-1903733.2771624175\, -964738.2330011163\, 3207048.827624554\, 2363772.158427126)"
BFA, Burkina Faso, "BBOX(-614576.7635071143\, 266936.0125622843\, 1698741.2811715933\, 1050643.0120585556)"
GIN, Guinea, "BBOX(-1678791.0953426699\, -851969.5850923934\, 1422911.1290510038\, 802936.7522689679)"
GNB, Guinea-Bissau, "BBOX(-1861013.9772984823\, -1518830.9983475052\, 1423734.7230846898\, 1223613.9918118552)"
MLI, Mali, "BBOX(-1363089.019496892\, 473262.6812172274\, 2875778.1558879707\, 1134962.1365298633)"
MRT, Mauritania, "BBOX(-1900842.0873479373\, -535013.6065024948\, 3159807.24053085\, 1657600.8186799039)"
SEN, Senegal, "BBOX(-1951740.3641577882\, -1265694.4838205066\, 1884840.6777415504\, 1380068.3247828495)"
SLE, Sierra Leone, "BBOX(-1480060.423460439\, -1142617.6510657615\, 1118607.3838558097\, 772615.2434245716)"
GMB, The Gambia, "BBOX(-1872579.0705148762\, -1536054.1273216614\, 1554306.33090056\, 1466584.8753009895)"
DJI, Djibouti, "BBOX(4648685.682234346\, 4833537.819242839\, 1426428.7393574219\, 1225554.7892715929)"
ERI, Eritrea, "BBOX(4056847.594510955\, 4800250.285874032\, 2036949.5002702742\, 1387149.8027029647)"
ETH, Ethiopia, "BBOX(3672630.3758422886\, 5342026.99671924\, 1675790.1336981696\, 379451.74027328007)"
MNG, Mongolia, "BBOX(9769520.962097632\, 1.3350714510090472E7\, 6825981.925445475\, 5099261.916823782)"
SDN, Sudan, "BBOX(2430004.2961371886\, 4297767.240203056\, 2539428.7064047027\, 389123.6754710965)"
UGA, Uganda, "BBOX(3292196.0161092333\, 3897263.9800336002\, 470504.09041435266\, -164337.88255462408)"
ISR, Gaza Strip, "BBOX(3808981.5012748297\, 3847078.1479647276\, 3710408.4677697835\, 3660903.6805555364)"
IRQ, Iraq, "BBOX(4318606.2488766555\, 5405751.393937016\, 4492721.642260634\, 3383496.8234396563)"
ISR, Israel, "BBOX(3814649.7784257433\, 3972002.8842663835\, 3931233.3769460395\, 3437740.2376509146)"
JOR, Jordan, "BBOX(3891775.929138256\, 4374979.440881939\, 3945530.7721081185\, 3399709.663800458)"
KAZ, Kazakhstan, "BBOX(5176263.146752886\, 9723558.146230904\, 7448249.257062752\, 4952703.862043582)"
NOR, Norway, "BBOX(533173.8292784104\, 3459090.2041849457\, 1.1455379410923388E7\, 7964779.911100031)"
RUS, Russia, "BBOX(-2.003750834E7\, 2.003750834E7\, 1.6850434409817755E7\, 5041380.846897432)"
SWE, Sweden, "BBOX(1237130.9043623458\, 2690259.1355019724\, 1.0769543191624273E7\, 7427971.135671626)"
ISR, West Bank, "BBOX(3883735.6562778493\, 3959702.080535439\, 3835248.5789866336\, 3678377.284759022)"
DZA, Algeria, "BBOX(-964830.2942199894\, 1334328.0705815821\, 4451638.686907341\, 2152156.534692522)"
AND, Andorra, "BBOX(158228.52231611632\, 198339.94046960064\, 5259751.808527718\, 5226573.156424563)"
CMR, Cameroon, "BBOX(946478.719567819\, 1804154.9870354445\, 1469444.988943757\, 184166.28005485257)"
CAF, Central African Republic, "BBOX(1605103.603700283\, 3056801.8246613783\, 1232201.6067875316\, 247331.9412217624)"
LBY, Libya, "BBOX(1036539.304552783\, 2799870.317374274\, 3918041.4975678376\, 2213781.647695001)"
MCO, Monaco, "BBOX(822751.2243894777\, 828138.0858677052\, 5429655.8071539095\, 5423375.498489419)"
TUN, Tunisia, "BBOX(834029.8925561006\, 1289264.82751983\, 4486662.225217784\, 3533714.341264127)"
BEN, Benin, "BBOX(86457.72966594121\, 429136.6369483333\, 1390883.792858654\, 693627.7186615759)"
TCD, Chad, "BBOX(1498576.8622784517\, 2671973.3506688518\, 2686597.2252112613\, 832635.3730826946)"
GNQ, Equatorial Guinea, "BBOX(937773.5353889967\, 1263909.364466394\, 419234.1992921709\, 103548.81812163288)"
KIR, Kiribati, "BBOX(-1.7541914599896543E7\, 1.9252428633165136E7\, 226366.04306531145\, 148735.3163895852)"
NER, Niger, "BBOX(18552.840291496777\, 1780740.379303719\, 2695306.478633392\, 1310820.5810745189)"
NGA, Nigeria, "BBOX(299727.7289191666\, 1630792.0233506353\, 1561771.5570046515\, 476092.4293577717)"
STP, Sao Tome & Principe, "BBOX(719695.6473290791\, 830830.0137936934\, 189409.56079307984\, 2041.1542177410504)"
TGO, Togo, "BBOX(-16671.65221684311\, 200130.18052028888\, 1247820.9113916112\, 680396.3710024672)"
ALB, Albania, "BBOX(2147190.0053688344\, 2343645.64081804\, 5260414.963633992\, 4814487.957249004)"
BIH, Bosnia & Herzegovina, "BBOX(1752234.5746612719\, 2184064.14141101\, 5663486.702317411\, 5246118.059706764)"
HRV, Croatia, "BBOX(1503346.4571803163\, 2162381.1083583334\, 5866635.618622956\, 5221085.75286942)"
ITA, Italy, "BBOX(737376.1880908412\, 2061018.5894331736\, 5957525.94908941\, 4390316.944679211)"
MKD, Macedonia, "BBOX(2277465.201675234\, 2563796.186476749\, 5214901.594868669\, 4991108.7995952675)"
MLT, Malta, "BBOX(1595108.1153038554\, 1621924.980632222\, 4299511.834205549\, 4273136.461790226)"
SMR, San Marino, "BBOX(1381134.799507896\, 1392730.2829452723\, 5463410.973754562\, 5449776.352704761)"
SMN, Serbia & Montenegro, "BBOX(2054214.9647958176\, 2560904.8853427777\, 5809419.7157107135\, 5138387.144313233)"
VTC, Vatican City, "BBOX(1385312.3973578045\, 1386786.8240131561\, 5147266.721875869\, 5146144.937762506)"
BGR, Bulgaria, "BBOX(2489690.801465982\, 3184309.173149079\, 5500283.923251328\, 5048257.112102198)"
CYP, Cyprus, "BBOX(3592264.716628652\, 3850099.91554189\, 4257858.611081361\, 4115102.5028513763)"
EGY, Egypt, "BBOX(2750348.3947484\, 4107224.6734649837\, 3717055.3733837567\, 2510824.567439936)"
GEO, Georgia, "BBOX(4453109.470762285\, 5199824.4735734565\, 5401399.644378745\, 5019430.87461186)"
GRC, Greece, "BBOX(2186314.7988755554\, 3143444.7899599737\, 5123271.623236523\, 4154446.48763015)"
LBN, Lebanon, "BBOX(3907406.1875188733\, 4076936.6437751846\, 4116080.386414876\, 3903547.2121638493)"
SYR, Syria, "BBOX(3964583.8854840077\, 4717533.78165415\, 4479682.761680629\, 3804547.447187875)"
TUR, Turkey, "BBOX(2857106.79203054\, 4989400.245782474\, 5177469.827842194\, 4275668.354346954)"
AUT, Austria, "BBOX(1061272.4916527711\, 1910952.9027368103\, 6278042.62617315\, 5845892.142474166)"
CZE, Czech Republic, "BBOX(1346264.5256192111\, 2098619.3077916563\, 6630584.029505155\, 6204126.892396778)"
DNK, Denmark, "BBOX(900899.5106663116\, 1686397.1108695522\, 7914142.641677729\, 7277306.821832056)"
HUN, Hungary, "BBOX(1793557.3715133998\, 2548637.4774590665\, 6203250.422795402\, 5740109.762720737)"
POL, Poland, "BBOX(1574907.6352293568\, 2687639.1199670266\, 7330108.850656106\, 6275356.531185668)"
SVK, Slovakia, "BBOX(1875145.4300552672\, 2511151.0842176126\, 6377430.961535088\, 6063294.76382884)"
SVN, Slovenia, "BBOX(1489841.399198138\, 1848779.9652620046\, 5921897.448055978\, 5688808.783113411)"
SJM, Svalbard, "BBOX(1167509.6910790894\, 3744509.3710375\, 1.6048121551074298E7\, 1.2655555793739378E7)"
BEL, Belgium, "BBOX(282936.63088871894\, 712244.3658943777\, 6710441.719074484\, 6361653.309031685)"
FRA, France, "BBOX(-533251.7529219548\, 1064461.2384661005\, 6637425.700005567\, 5066318.240535327)"
DEU, Germany, "BBOX(652888.8134116667\, 1673556.9642057894\, 7372844.587967681\, 5987030.890923241)"
LIE, Liechtenstein, "BBOX(1054711.6548248013\, 1072439.8403286163\, 5987002.506696636\, 5951457.074129165)"
LUX, Luxembourg, "BBOX(638355.4972931738\, 726251.3634604733\, 6477821.694262034\, 6351301.791746342)"
NLD, Netherlands, "BBOX(375242.7526416523\, 802721.8423723045\, 7069632.465484033\, 6577873.226207013)"
CHE, Switzerland, "BBOX(664244.403346417\, 1167542.0850509058\, 6074750.670815664\, 5753058.221661312)"
USA, United States, "BBOX(-1.9838976150769826E7\, 2.001256564961837E7\, 1.1523520412740182E7\, 2146164.589200235)"
BLR, Belarus, "BBOX(2578760.5316635333\, 3644606.1393169463\, 7591830.885400406\, 6665963.6751351105)"
EST, Estonia, "BBOX(2430923.1272140685\, 3138551.853062327\, 8325466.382266233\, 7867699.765386352)"
FIN, Finland, "BBOX(2171998.1104861163\, 3515688.0389226186\, 1.1097617254588177E7\, 8356849.0793245975)"
LVA, Latvia, "BBOX(2334214.876198328\, 3143213.0227801744\, 7984826.971795753\, 7493955.154644284)"
LTU, Lithuania, "BBOX(2331345.838962512\, 2984815.5174770574\, 7648495.086573079\, 7149414.5404388225)"
MDA, Moldova, "BBOX(2964993.634990694\, 3353912.54367185\, 6185122.9269956285\, 5692430.167578349)"
ROM, Romania, "BBOX(2255447.2082748064\, 3303096.1980072116\, 6150868.213605207\, 5407332.237900151)"
UKR, Ukraine, "BBOX(2465887.5773919513\, 4472677.433490184\, 6868872.82154549\, 5524305.8506691335)"
IND, India, "BBOX(7585780.649085295\, 1.0840351679187058E7\, 4232806.675603967\, 752682.9865532124)"
MDV, Maldives, "BBOX(8111115.582462115\, 8197263.621304713\, 784297.2010665077\, -71431.20290758506)"
OMN, Oman, "BBOX(5788534.594925483\, 6662146.69277591\, 3044819.2631402686\, 1879282.0779841878)"
SOM, Somalia, "BBOX(4562831.081569439\, 5723081.7399744\, 1343337.2289440092\, -186472.5685638059)"
LKA, Sri Lanka, "BBOX(8871728.267099438\, 9116138.224105384\, 1099474.3430723047\, 659969.3086218301)"
TKM, Turkmenistan, "BBOX(5705144.162508433\, 7421768.6339453105\, 5280998.579824433\, 4183738.4781891424)"
UZB, Uzbekistan, "BBOX(6233612.182953193\, 8144973.85086014\, 5711801.139928842\, 4464923.610179015)"
YEM, Yemen, "BBOX(4737309.24391286\, 6063959.275257026\, 2154858.799301538\, 1362182.6880406907)"
ARM, Armenia, "BBOX(4837295.297334552\, 5189774.327307057\, 5056256.290729958\, 4698942.432854185)"
AZE, Azerbaijan, "BBOX(4984760.226767874\, 5752658.326798638\, 5268048.77475221\, 4616618.723595905)"
BHR, Bahrain, "BBOX(5616438.669684706\, 5654628.379468894\, 3034905.550106453\, 2946160.3652355284)"
IRN, Iran, "BBOX(4901948.6557028685\, 7049893.741177648\, 4833901.247983729\, 2885079.0840316075)"
KWT, Kuwait, "BBOX(5181582.214661229\, 5389710.255315938\, 3514372.934498193\, 3317085.938189461)"
QAT, Qatar, "BBOX(5649679.671506368\, 5745847.577713873\, 3017981.013632691\, 2821312.488451719)"
SAU, Saudi Arabia, "BBOX(3848553.5764954956\, 6196722.907460272\, 3783666.794569951\, 1848481.0463722278)"
ARE, United Arab Emirates, "BBOX(5742229.694263595\, 6276378.014364274\, 3009473.8025495554\, 2587735.5585281393)"
AFG, Afghanistan, "BBOX(6735292.615095663\, 8339581.582762433\, 4646317.28372925\, 3427436.851842879)"
KGZ, Kyrgyzstan, "BBOX(7708819.076615721\, 8936904.82707441\, 5345044.727405903\, 4749710.205362992)"
NPL, Nepal, "BBOX(8911370.139640821\, 9817772.840653224\, 3558261.041954822\, 3044776.39805181)"
PAK, Pakistan, "BBOX(6775605.521527455\, 8663319.92396695\, 4447583.65883328\, 2715440.846640232)"
TJK, Tajikistan, "BBOX(7499004.100397766\, 8369832.209103333\, 5019609.3336218465\, 4393464.385496015)"
BGD, Bangladesh, "BBOX(9800998.997143846\, 1.0315904296110207E7\, 3076839.5287209633\, 2361476.7409209567)"
BTN, Bhutan, "BBOX(9879820.321061922\, 1.025410784115321E7\, 3290010.9896438504\, 3086490.161301852)"
BRN, Brunei, "BBOX(1.2701006428488798E7\, 1.2841845733150518E7\, 563234.0022074429\, 447670.0898939893)"
CHN, China, "BBOX(8195345.9204370845\, 1.5002356674063785E7\, 7086089.890077106\, 2057325.3856844143)"
JPN, Japan, "BBOX(1.3767868049134541E7\, 1.623176311896106E7\, 5698420.16133248\, 2784071.2548644035)"
PRK, North Korea, "BBOX(1.3839679250759868E7\, 1.4549170017730366E7\, 5312900.3745006835\, 4533106.558340659)"
PLW, Palau, "BBOX(1.4967181830048332E7\, 1.4990157059749957E7\, 863059.693444481\, 815429.4880146481)"
PHL, Philippines, "BBOX(1.3018814446461111E7\, 1.4092828900986778E7\, 2201037.2202695687\, 562799.2811739098)"
KOR, South Korea, "BBOX(1.4037278471337833E7\, 1.4425544602525068E7\, 4668132.414354527\, 3920844.3714562915)"
KHM, Cambodia, "BBOX(1.139316126476325E7\, 1.1982027233402364E7\, 1655642.1223870981\, 1166706.2324655629)"
LAO, Laos, "BBOX(1.1142120562289124E7\, 1.1988580834463434E7\, 2571654.2509495416\, 1565804.2404149454)"
MYS, Malaysia, "BBOX(1.1092089575631922E7\, 1.32777233218629E7\, 820779.1279511156\, 94934.7631846226)"
MMR, Myanmar, "BBOX(1.0264212645289583E7\, 1.126212909591956E7\, 3318054.720285839\, 1100761.292465509)"
SGP, Singapore, "BBOX(1.1537257221127674E7\, 1.157699827933534E7\, 160905.1210847127\, 140165.52511697204)"
THA, Thailand, "BBOX(1.0836648747645825E7\, 1.1759712080245482E7\, 2326960.8760532974\, 628128.2178646458)"
VNM, Vietnam, "BBOX(1.137025572106285E7\, 1.2185570803468373E7\, 2671268.1479721097\, 956373.5794062541)"
GUM, Guam, "BBOX(1.610060037235469E7\, 1.613612854443387E7\, 1534354.7088998647\, 1486593.2644101644)"
MHL, Marshall Is., "BBOX(1.8069932221681617E7\, 1.9077718703641918E7\, 1642457.1731015244\, 624414.5801310536)"
FSM, Micronesia, "BBOX(1.76018490137313E7\, 1.8149851601056725E7\, 778674.0289479959\, 586550.7704269526)"
MNP, Northern Mariana Is., "BBOX(1.6205076831395375E7\, 1.6232394634432243E7\, 1720127.7032804906\, 1678605.9653024632)"
UMI, Wake I., "BBOX(1.854682692392445E7\, 1.8552751235904157E7\, 2193187.709933591\, 2187863.8226788775)"
BWA, Botswana, "BBOX(2225956.6714169392\, 3269856.198060967\, -2012057.3125287183\, -3107932.575048184)"
BDI, Burundi, "BBOX(3226595.4401938887\, 3434561.510989516\, -256277.86419111618\, -495653.34463959694)"
ATF, French Southern & Antarctic Lands, "BBOX(5749744.761766512\, 7855537.163585416\, -5833010.924598094\, -6398787.743617378)"
HMD, Heard I. & McDonald Is., "BBOX(8152450.513138738\, 8212470.976939865\, -6976553.288377103\, -7019975.393962887)"
KEN, Kenya, "BBOX(3774534.2414511004\, 4664861.406119774\, 515133.4762737857\, -520395.9201280237)"
RWA, Rwanda, "BBOX(3212062.1240753955\, 3439022.3056239635\, -117387.0182772328\, -314659.7811132031)"
TZA, Tanzania, "BBOX(3266205.9206388732\, 4501404.98655826\, -111015.40498408281\, -1316180.4208213643)"
ZMB, Zambia, "BBOX(2448627.045068894\, 3751720.8702890654\, -915014.476700008\, -2046319.4302683398)"
ZWE, Zimbabwe, "BBOX(2809472.180051312\, 3681512.6693309383\, -1760356.671722378\, -2561396.0054164226)"
ATA, Antarctica, "BBOX(-2.003750834E7\, 2.003750834E7\, -8512662.881033322\, -4.748140766343476E9)"
NOR, Bouvet I., "BBOX(372070.1471544857\, 387855.25094677455\, -7243144.612387524\, -7258293.454237509)"
COM, Comoros, "BBOX(4810563.480097139\, 4957103.455881589\, -1273745.795821429\, -1389333.8616461232)"
REU, Juan De Nova I., "BBOX(4755993.663842456\, 4760121.613199477\, -1926881.0822095312\, -1929687.4249448022)"
LSO, Lesotho, "BBOX(3007181.718244638\, 3278977.271857335\, -3321117.2692412077\, -3587446.106149188)"
MWI, Malawi, "BBOX(3638129.460024005\, 3998703.3094073967\, -1048497.2089351554\, -1936578.3607502843)"
MOZ, Mozambique, "BBOX(3363297.7786198338\, 4546968.054133605\, -1172181.8581435068\, -3106026.6491282047)"
ZAF, South Africa, "BBOX(1834915.5679635953\, 4218142.412200545\, -2527908.4975596936\, -5937134.146607068)"
SWZ, Swaziland, "BBOX(3428455.080322901\, 3577073.7249586442\, -2965472.9128583763\, -3163056.5390926218)"
AGO, Angola, "BBOX(1305916.2195893514\, 2681068.153065396\, -489058.770192694\, -2039467.1713562359)"
COG, Congo, "BBOX(1240172.93208683\, 2075397.0601399948\, 413407.92638141196\, -558981.4471095677)"
ZAR, Congo\, DRC, "BBOX(1359717.9313576685\, 3484608.750292371\, 599858.1461695591\, -1512112.8916449302)"
FJI, Fiji, "BBOX(-2.003750834E7\, 2.003750834E7\, -1822502.649701532\, -2174110.2636207)"
GAB, Gabon, "BBOX(968572.632860957\, 1616312.474546188\, 258097.85802697268\, -437302.607003333)"
NAM, Namibia, "BBOX(1304262.6798733384\, 2812423.14843234\, -1915491.159689654\, -3370794.2160844747)"
NZL, New Zealand, "BBOX(-1.9686713351283982E7\, 1.9908496063316472E7\, -4084625.39078185\, -6905327.726548656)"
IOT, British Indian Ocean Territory, "BBOX(8054844.581749367\, 8070026.5565406205\, -807374.1159864698\, -830132.9519243974)"
REU, Glorioso Is., "BBOX(5263084.334556216\, 5265751.883513724\, -1295003.534066991\, -1297694.4422191991)"
MDG, Madagascar, "BBOX(4813101.564486872\, 5621789.129689449\, -1339512.841638736\, -2948183.285092941)"
MUS, Mauritius, "BBOX(6379309.136233983\, 7068315.001831045\, -2234372.9783939887\, -2334800.8501905375)"
MYT, Mayotte, "BBOX(5013736.69021733\, 5042032.101022207\, -1421199.6616333937\, -1458875.4272419864)"
REU, Reunion, "BBOX(6147123.9517467795\, 6217533.529663724\, -2374779.1643490326\, -2436517.3438334884)"
SYC, Seychelles, "BBOX(5143593.993155349\, 6182746.188795668\, -507222.7096158059\, -1058244.6497234497)"
CXR, Christmas I., "BBOX(1.175856649136589E7\, 1.1772247656782478E7\, -1162331.3692172004\, -1176694.9418773586)"
CCK, Cocos Is., "BBOX(1.0777673796502084E7\, 1.0782945219668373E7\, -1360554.4203425802\, -1368415.0936628287)"
IDN, Indonesia, "BBOX(1.0598833913871005E7\, 1.5696829439852942E7\, 659456.6237303711\, -1224130.4157647756)"
TLS, Timor Leste, "BBOX(1.3808748684969299E7\, 1.4171927521756383E7\, -909204.3581778448\, -1058309.2029773812)"
AUS, Australia, "BBOX(1.2568773011020126E7\, 1.7695387664886124E7\, -1134231.265244234\, -7314247.137263005)"
NRU, Nauru, "BBOX(1.8579714820321366E7\, 1.8585573231162526E7\, -54918.590898148344\, -61473.57829423625)"
NCL, New Caledonia, "BBOX(1.8254475669742182E7\, 1.871620264608858E7\, -2283448.9342597914\, -2592628.621050228)"
NFK, Norfolk I., "BBOX(1.869176089341545E7\, 1.870154888228107E7\, -3375716.673702962\, -3385973.448600687)"
PNG, Papua New Guinea, "BBOX(1.5680335898821346E7\, 1.7362149763616595E7\, -150883.37308403326\, -1305049.300451269)"
SLB, Solomon Is., "BBOX(1.7329249844714675E7\, 1.858276697811951E7\, -736957.2370687899\, -1328168.5471204517)"
TUV, Tuvalu, "BBOX(1.962509790181899E7\, 1.9952046251859576E7\, -679153.8120624761\, -956604.9181074377)"
VUT, Vanuatu, "BBOX(1.8537103723002467E7\, 1.8912498315429542E7\, -1540647.6688226506\, -2303165.641357482)"
