id,@timestamp,status
1,2017-11-10T21:15:54.0123Z,OK
2,2017-11-10T21:15:39.987Z,OK
3,2017-11-10T21:15:39.123456Z,OK
4,2017-11-10T21:15:39.123456789Z,OK
5,2017-11-10T21:15:40.123Z,OK
6,2017-11-10T21:15:40.123456Z,OK
7,2017-11-10T21:15:40.123456789Z,OK
8,2017-11-10T21:15:41.98765Z,OK
9,2017-11-10T21:15:41.98765432Z,OK
10,,OK
11,2017-11-10T20:36:08.01234Z,OK
12,2017-11-10T20:36:07.0123Z,OK
13,2017-11-10T20:36:07.0123456Z,Error
14,2017-11-10T20:36:15.01Z,OK
15,2017-11-10T20:36:15.012Z,OK
16,2017-11-10T20:35:54.98Z,OK
17,2017-11-10T20:35:54.98765Z,OK
18,2017-11-10T20:35:55.12345Z,OK
19,2017-11-10T17:54:43.01234Z,OK
20,2017-11-10T23:23:24.9876Z,Error
21,2017-11-10T17:54:59.98765Z,OK
22,2017-11-10T21:13:27.001Z,OK
23,2017-11-10T22:37:41.0098Z,OK
24,2017-11-10T20:34:43.0987Z,OK
25,2017-11-10T23:30:46.987Z,OK
26,,Error
27,2017-11-10T23:36:32Z,OK
28,2017-11-10T23:36:33.012345678Z,OK
29,2017-11-10T20:35:26.987654321Z,OK
30,2017-11-10T23:36:41Z,OK
31,2017-11-10T23:56:36Z,OK
32,2017-11-10T20:29:25.12345Z,Error
33,2017-11-10T21:35:01.9876543Z,OK
34,2017-11-10T21:12:17.12345678Z,OK
35,2017-11-10T23:17:14.987Z,OK
36,2017-11-10T23:28:11Z,OK
37,2017-11-10T22:36:27.123Z,OK
38,2017-11-10T20:35:55.0123Z,OK
39,2017-11-10T20:35:55.012345Z,Error
40,2017-11-10T20:35:55.01234567Z,OK
41,2017-11-10T20:35:55.012345678Z,OK
42,2017-11-10T21:34:49Z,Error
43,2017-11-10T20:35:55.987Z,OK
44,2017-11-10T20:14:04Z,OK
45,2017-11-10T19:38:06.123Z,OK
46,2017-11-10T21:14:18.012345Z,OK
47,,OK
48,2017-11-10T20:53:05.9876543Z,OK
49,2017-11-10T21:25:42Z,OK
50,2017-11-10T21:14:44.123456789Z,OK
51,2017-11-10T21:28:34Z,OK
52,2017-11-10T20:35:55.987654321Z,OK
53,2017-11-10T20:15:24.0123456Z,OK
54,2017-11-10T20:35:57Z,OK
55,2017-11-10T17:14:10.987654Z,Error
56,2017-11-10T20:35:57Z,OK
57,,OK
58,2017-11-10T20:32:57Z,OK
59,2017-11-10T21:24:00.000000001Z,OK
60,2017-11-10T20:35:56Z,OK
61,2017-11-10T23:43:10.00001Z,OK
62,2017-11-10T20:35:57Z,OK
63,2017-11-10T20:21:58.00000001Z,OK
64,,OK
65,2017-11-10T20:33:06Z,Error
66,2017-11-10T20:35:57Z,OK
67,2017-11-10T20:26:21Z,OK
68,2017-11-10T21:23:25Z,OK
69,2017-11-10T21:23:54.09876Z,Error
70,2017-11-10T20:35:57Z,OK
71,2017-11-10T00:27:03Z,OK
72,2017-11-10T00:27:46.1234567Z,OK
73,2017-11-10T20:35:58Z,OK
74,2017-11-10T20:35:57.0000001Z,OK
75,2017-11-10T22:27:09Z,OK
76,2017-11-10T20:35:58Z,Error
77,2017-11-10T22:26:44Z,OK
78,2017-11-10T22:27:31Z,OK
79,2017-11-10T20:35:52.98765432Z,OK
80,,OK
81,2017-11-10T20:35:52Z,OK
82,2017-11-10T00:01:20Z,OK
83,2017-11-10T00:01:04.12345Z,OK
84,,Error
85,2017-11-10T00:01:45Z,OK
86,2017-11-10T20:36:08.0000001Z,OK
87,2017-11-10T21:17:37Z,OK
88,2017-11-10T20:06:49Z,Error
89,2017-11-10T21:17:37.123456Z,OK
90,2017-11-10T19:51:38Z,Error
91,2017-11-10T19:51:38Z,Error
92,2017-11-10T20:06:50Z,OK
93,2017-11-10T21:17:46.98765Z,OK
94,2017-11-10T19:51:38Z,Error
95,2017-11-10T21:17:46Z,OK
96,2017-11-10T00:04:50.999999999Z,OK
97,2017-11-10T21:17:48Z,OK
98,2017-11-10T21:12:24.00099876Z,OK
99,,OK
100,2017-11-10T03:21:36.000000123Z,OK
